Lucifuga_dentata	exorh	scaffold386_size404467:178897-181025	-	1062	Complete		5		ATGAATGGCACCGAAGGACCCAACTTCTACGTGCCCATGTCCAACAAGACTGGGGTGGTACGCAGCCCATTTGAGTTCCCCCAGTACTACCTGGCCGAGCCTTGGAAGTACTCTCTTCTGGCTGCTTACATGCTTTTCCTCATCATCACCGCCTTCCCCATCAACTTCCTCACCCTTTATGTCACTGTCAAACACAAAAAACTGAGGACCCCTCTGAACTACGTCCTGCTCAACCTGGCAGTGGCTGACCTCTTCATGGTCGTCGGAGGCTTTACAGTCACTCTCTACACATCCCTGCATGGATACTTCAGCTTAGGTGTCACTGGCTGCAACGTTGAAGGATTCTTTGCCACGCTAGGCGGAGAGATTGCTCTCTGGTCTCTGGTGGTTTTAGCTATTGAGCGCTACATTGTGGTCTGTAAGCCTATGACCAACTTCCGCTTTGGGGAGAAACATGCCATCTTTGGGCTGGCATTCACATGGATCATGGCCCTGACCTGTGCTGCCCCCCCTCTGTTTGGCTGGTCCCGGTATATCCCAGAGGGAATGCAGTGTTCCTGCGGGATTGACTACTACACTCCCAAGCCTGAGATCAACAACACCTCATTTGTCATCTATATGTTCATCCTCCATTTCTCTATCCCTCTGATCATCATTTTCTTCTGCTACGGGCGCCTCCTCTGCACCGTGCGAGCGGCTGCAGCCCAGCAGCAGGAGTCTGAAACCACCCAGAGAGCAGAGAAGGAAGTGACACGCATGGTCATCGTCATGGTGATTTCCTTCTTAGTGTGCTGGGTGCCATATGCCAGCGTGGCTTGGTACATTTTTGCCAATCAGGGAACTGAGTTTGGACCGGTATTCATGACTGCGCCGGCCTTCTTCGCCAAGAGCGCCGCTCTGTACAACCCAGTCATCTACATTCTGCTAAATAGACAGTTTAGGAACTGCATGATAACCACTGTGTGCTGTGGAAAGAATCCCTTCGGTGATGAGGAGATGACCACCGCCTCCTCCAAAACCCAGACGTCATCTGTCTCCTCCATCCAGGTGGCCCCCGCTTGA
Lucifuga_dentata	opn3	scaffold27_size710252_387154_710252:259711-265539	+	1164	Complete		4		ATGAATCCCGACAACGAAACCAGAGCGGATAAAAGTCCAGAACAATTCATTTTTACTGTTGGCACTTACAAAATTCTTGCTGTTGCCATCGGGATTATTGGAGTTTTCGGCTTTTGCAACAACGTTATTGTCATCATACTCTACTGTAAATTCAAGAGACTTCGGACGCCCACAAATTTGTTACTGGTTAATATTAGTTTAAGTGATTTTCTGGTTTCTGCCATCGGAATAAACTTTACCTTTGCTTCGTGTGTCAAAGGCGGCTGGATTTGGAGCCAGACAACATGCGTCTGGGACGGATTCAGCAACAGCTTATTTGGCATTGTCTCAATTATGACTCTGGCAGCCCTGGCCTATGAGCGCTACATCCGTGTGGTCCATGCCCAGGTGGTGGATTTTCCCTGGGCCTGGCGGGCCATTGGCCATATATGGTTGTATTCCTTGGCCTGGACGGGGGCTCCTCTGCTGGGGTGGAACCGCTACACTCTGGAAATCCACCAGCTTGGCTGTTCCCTAGACTGGGCTTCTAAGGACCCGAATGATGCCTCCTTTATCCTTTTCTTCCTCCTTGCCTGTTTCTTTGTGCCTGTGGGTGTCATGATCTACTGCTATGGAAACATCCTCTATACAGTACAAATGCTACACTCAATCCAGGACCTCCAGACGGTGCAGATCATCAAGATCCTGCGGTACGAGAAGAAAGTAGCTGCAATGTTTCTCCTGATGATCTCCTGCTTCCTGTTGTGTTGGACACCTTATGCTGTGGTGTCCATGATAGAGGCCTTTGGCAGGAAGAGCATGGTTTCTCCCACGGTGGCCATTATCCCCTCTTTCTTTGCCAAGTCCAGCACAGCCTACAATCCCCTCATCTATGTCTTCATGAGCAGGAAGTTCCGGCGTTGTCTGCTGCAGCTGCTTTGTTCACGGATCTCGTGGCTGCAGCACAGTCTCAAAGAGCGCCCCCTAGCTCCTGTTGAGCACCCCATCCGCCCAATTGTTGTGTCCAGCAGATGTGGCAGCAGGGACCGACCCAAGAAGAGGGTGACCTTCAGCTCTTCCTCTATCGTCTTCATCATCACCAGTGAAGACGTCCACCACCTTGACATGACATCCAAGGCCCATGATGCCACAGAAGGCAATGTCATTCAAGTGAGGCCGTTGTGA
Lucifuga_dentata	opn4m1	scaffold1810_size177683_81499_157859:56021-64759	+	1749	Complete		11		ATGAAGAACGCGCTCGCGGCTTCCTCTCAGATCTCAGAAACTCTGGCGCTCTCATCATCTTCATATCCCTCCGCGCGGACCGGCAGCGGTTCTGCGGCGGATGCGTACCGGCTGGTCGAGCTGGAGCTTCCCGCCTCTACCGCTCCCACGGCGGCCATGGTGCCCGACACGCCCCGCCCATTCCCCACGGTGGATATTCCTGACCACGCCCACTACACCATCGGCTCGGTCATACTGGCCATCGGAATCACCGGCATGGTCGGCAACTTCCTGGTTATCTACGCTTTCAGCAGGAGTCGCAGTCTGCGCACACCAGCAAACATGTTCATCATTAATCTTGCGATCACAGACCTGTTGATGTGCGTCACTCAGACGCCGATTTTCTTCACCACCAGCCTGCACAAGAGGTGGATCTTTGGAGAGAAAGGTTGTGAGGTTTACGCGTTTTGCGGCGCCCTCTTCGGGATCTGCTCCATGATCACGCTCACCGTGATCGCTGTCGACAGATACTTCGTCATCACACGACCCTTGACCTCCATCGGTGTGTTGTCACGGAAACGGGCCTTCCTCATCCTCCTGGCAGCCTGGGCCTACTCTCTGGGCTGGAGCCTGCCACCATTTTTTGGCTGGAGTGCCTATGTCCCTGAGGGTCTGCTGACTTCCTGTACATGGGACTATATGACCTTTACCCCCTCGGTGCGAGCATACACCATGCTGCTCTTCATCTTTGTCTTCTTCCTGCCACTCTTCATCATCATCTACTGCTACATCTTCATCTTCAGAGCGATCCGCTCCACCAACAAGGCCGTGGGAAAGAGTAACGGCAGCATTCACAGCAACTCTCGTGACTCTGTGAAAAGTTTCCATCGGCTGCAGAACGAGTGGAAAATGGCGAAGATCGCTCTGATCGTCATCCTGCTGTACGTGGTCTCCTGGTCGCCGTACTCCTCTGTCGCTCTCACCGCCTTTGCCGGATACGCAGACATGTTGACTCCATACATGAACTCTGTTCCTGCTGTCATCGCCAAAGCCTCGGCCATCCACAACCCCATCATCTACGCCATCACCCACCCAAAGTACAGGCTAGCGCTGGCTAAGTACATCCCGTGTCTTGGCGTGCTGCTCTGCGTTCGTCCTCGTGACCTTCGTTTGGCGAGCAGCAGCTTCATGTCGACACGCCGCTCCACCGTCAGCAGTCAGACCTCTGACATCAGCAGCCAGTTCAGACGACAGAGCGCCGTTAAGTCCCGCCTCTCCTCCGCCTCCGACAGTGAATCAGGCTGGACGGACATGGAGGCAGACCTGTCCAGTCTGAGCTCCAGGCCGGCGAGCCGTCAGGTCTCCTGTGACATCAGCAGAGACACGGCAGAGATCCCCGAGTTCAGAAACTTCTCCACCTCCAGCTTTAACTTTAAGTCCAAGATGCGGAGCCACGACTCAGGCATCTTCGAAAAGGTCTCATCACGTCCAACTGATCCTTCACCTCAGCAGACACAAAGACATCCGTCAAAACTCTTATTTTGCAGTGATGTCACAGACGGACACATGACGAGAGCCATGATTGGTCGGATCCCGAGCATCGTTGTTACCTCAGAGTCCAGCCCCTTCCTTCCCACTGGTCAAAAAAGCTCGCGCACCGCCCGCTCTAAATCAACAAAAAGCAACACAGGGGTGGAGTCAGTTCAGAGCTCCGCCCACCCCTCCACTCTCCCCTCTGGCTGCAGCGGCTCGTCATCTGCAGCAACCTGA
Lucifuga_dentata	opn4m3	scaffold1232_size236417_16441_236417:37086-62370	-	1672	Pseudogene	Stop codon + Frameshift	12	8:GC--AG	ATGGATTCCGGGCTTCTGAGTCTCCCGGGTTTCCCCACAGCAGACCCGACCACCCGGGCACCCTGGAACATCAGCTCCGTTAGCGCGTACCGGCTGATGGAGCTGTTTCCAGTCGCCACATCTGTTTCTATGGTTCCCAGTCACCCTTTCCCAACAGCAGATGTTCCAGACCATGCACACTACATCATTGGTGTTGTCATCCTGGCTGTGGGCACCACAGGCATGCTGGGAAATTTCCTGGTCATGTACGCATTCTGCAGGAGTCGGAGCTTGCGTACCCCAGCCAACATGTTCATCATTAACCTGGCAATTACAGACTTCCTCATGTGTCTTACCCAGACGCCCATCTTCTTCATGACCAGTATGCACAAGCAATGGATCTTTGGAAAGAAAGGCTGTGAGCTGTACGCCTTCTGTAGAGCACTCTTTGGGATCTGCAGTGTGATAACTCTGATGGTAATTGCAGTGGACCGATATGTGGTGATCACTCGGCCTCTGGCCTCCCTGGGTGTGATGTCTCACAAGAAAGCCCTGAACATCCTGGCTGCTGCCTGGCTCTACTCCATGGGCTGGAGCCTGCCCCCCTTTTTTGGCTGGAGTGCTTATGTCCCGGAGGGCCTGATGACGTCCTGCTCCTGGGACTACATGACCTTCACTCCTTCTGTCCGATCATACACGATGCTCCTCTTTACTTTTGTCTTCTTTATCCCCCTCGCCATCATCATCTTCTGCTACTGCTGCATTTTCAGAGCCATCTGACGCACGACCGGGGCAATAACAAAGATCAATTGTGAGGGGACCAAAAACTCTGAAGAGGATAAATAAGATGAAAAGTGAATGGAAGATGGCTAAGATTGCATTCATCGTCATCCTGCTCTACATCATCTCCTGGGCCCCTTACTCCTGTGTGGCCCTCACTGCATTTGCTGGATATGCTGACATGCTGACTCCCTATATGAACTCAGTTCCTGCTGTCATCGCCAAAGCTTCTGCTATCCACAACCCCATCATATATGCCATAACACACCCCAAATACAGGTCAGCTATCGGCAGGTATATTCCGTTTCTCAGAATGTTGCTTTGTATTACCACTAAAGATCGTCCCACCAGCAGCAGCTTCCAGTCCACCCGTCGCTCAACCCTCACCAGCCAATCATCCGATTGCAACCGCCTCGCCAAGCCCCGCCTCTCCTCTCAGTCTGACAGCAAATCACCCGACTTCTCAGACATGGACATGGAATACTCCTCCCGGACGCCTGTGACTAATCATTTGTTCAGTGATGTCAAACAGGCGTGCCATGCCTGCCAGAGGTCAAAGGCGAGGGGTCACACAACAGGGGAATTGGAGAGAGCTGCCATCTACAAACCAACAGACCCTTCCATATGTCGCCGCTCACAGATCATTACTCTAACAATGCCTGAAGACATCGCCATGGCGGACATCAATCTCCAGCCAGCCAGCCATCTGCCTGCCACTTTGGATAGTATCACGGAGGACTCAGGAGCTACGTGCAACGCGGCATCCTCCATCATTGTCACCTCCATATCCACCCCTTACATCATGAACAGACCTCCAAGTTTCCATGGCAACCTCAACATTACAAAAACTTCTAGCCCAGTTGCCAAGGAGCCCCCAGCAATTGCCAGGCCAGAGACACCTTGCCATAAATAA
Lucifuga_dentata	opn4x1	scaffold277_size370837:108075-115069	-	1305	Truncated		9		ATGGACATGGAACATGGATTCTATCGGCATGTGGATGTCCCGGACCATGTTCACTACATTGTTGCCTTCTTCGTCTTGGTGATCGGAACAATGGGCGTTACTGGGAATTCACTGGTCATGTACGCCTTTTTCAGCAACAAGAAGCTCCGGACTCTTCCCAACTACTTCATCGTGAACCTGGCAGTCAGTGACTTTCTCATGGCAATAACACAGTCGCCTATATTCTTTGTCAACTCACTTTACAAGGGGTGGATTTTTGGAGAAATAGGCTGCAAGATGTACGCTTTCTGTGGAGCTTTATTTGGAATCACTTCCATGATAAATCTTCTGGCTATCTCTGTAGACCGCTACATCGTCATCACAAAGCCTCTGCAGGCCATACAATGGACCTCCAAAAAACGCACTTTCTGTGTTATCACCCTGGTCTGGGTCTACTCTCTAATCTGGAGTCTTGCACCACTTTTGGGGTGGAGCTCATATATACCAGAGGGCCTGATGACATCATGTACGTGGGATTATGTGACATCTACTCCAGCCAATAAAAGTTACACTTTGATGTTGTGCTGTTTTGTATTCTTTATCCCTTTGGGAATTATATCCTACTGTTATTTGTGCATGTTCCTGGCCATCCGCCATGCAAGCAGAGATGTGGAGAAGTTGGGCTTTCAGATGAGGAAGTCGGTCCTGATCCAGCAGCAGTCCATCAACACCGAGTGGAAGCTGGCCAAGATTGCCTTTGTGGTGATCATAGTGTTTGTGCTTTCCTGGTCACCCTATACATGTGTCACCCTCATCGCCTGGGCTGGATATGGAAGCATCCTAAATCCTTATTCCAAAGCCTTCCCTGCTGTTATAGCCAAAGCATCAACCATCTACAACCCTTTCATCTATGCCATCGTTCATTCCAAATACAGGGACACCCTAGCAGAGAAGGTCCCGTGTCTACACTTCCTGGCCCAGGCCCCCAGAAAAGTCTGCATATCAGTGTCAAACAGTGAATCCTCCTTCAAGGACACAATGCTCAGTAGACAATCATCGGGCTACAAAGCCAAGTTTCACAGAGTTTCCTTCATACCGACGGCAGACACAGTTTGGAGTGATGTGGAGCTGGACCCGATAGACCAGCAGAGCCATTGTCTGGGGTCCAGCTGCTCCCTCAGACCGCTGAGGAAAAAAGAGCACAAATCACTGGTTATACAGACCAGGAAAAAGGGCAGCCAAAACCAGGAACAGGTTTCCACCCCAGAGCACGGCTCGCTGAATGGCTGCGACCACAATCTATTGTCTGAGTCTGTCCACATGGCT
Lucifuga_dentata	opn4x2	scaffold586_size329721_192325_329721:117781-124729	-	1083	Truncated		8		ATGGAACCAGAGAAAACACACACTCAGAGCAGCTTCTTCAGCAAGGTGGATGTGCCTGACCATGCTCACTACATTGTCGCCTTCTTCGTCTTTGTCACTGAGTTGCTGGGCATCACAGGCAACGCCCTGGTTATGTTTGCTTTCTATAGTAACAAGAAGCTTCGTAACCTGCCTAACTACTTTATAATGAACCTGGCAGTCAGTGACTTCCTCATGGCCTTCACACAGTCCCCCATCTTCTTCATCAGTTGCCTCTACAAGGAATGGGTGTTTGGAGAAATGGGTTGTAAGATGTATGCATTCTGTGGAGCCTTGTTTGGCATCACATCAATGATAAACCTACTAGCCATCTCTGTTGACCGCTACCTGGTTATCACCAAACCCCTGAAGGCCATGCACTCAAGCTCCAAAAGAAGAACCACTATGGCCATCCTAGTTGTCTGGCTCTATTCCTTGGCTTGGACTCCTCTCATTGGCTGGAGTTCCTATATCCCAGAGGGCCTGATGACATCTTGTACATGGGATTATGTCACGTACTCAGTGGTGAACAGGAGCTACACGATGATGCTGTGCTGTTTTGTTTTCTTCATTCCACTGGGAGTCATCCTGTATTGCTATCTCTTCATGTTTCTGGCTATATGGAAGACAAGCAGGGATGTAGAACGGCTCGGGACTCAGGTGAGGAAATCCACCCTGATCCAGCAGAAATCCATCAGGAGTGAATGGAAATTGGCCAAGATCGCCTTTGTCGTCATTGTGGTCTATGTTCTCTCCTGGTCACCATACGCCTGTGTTACACTGATTTCCTGGGCCGGGCATGCCAATATCCTGTCGCCTTACTCTAAGACTGTTCCTGCTGTCATAGCGAAAGCCTCCACTATCTACAACACTTTCATTTATGCTATCAAGCACACCAAATACCGGATTACTCTGGCAGAGAAGTTTCGCTGCCTGAGGTTTCTGTCTCCCACTCCTCGAAAGGATTGCACCTCATCCTCCATCAGTGAGTCCTCTTTCAGGGACTCCATCATTAGCAGACAGTCTACAGCATCAAGGACTCATGTCATTGCTGCTGCTGCTGCC
Lucifuga_dentata	opn5	scaffold726_size110865:94297-101166 [First part of the gene on scaffold625_size118732]	-	1044	Complete		5		ATGGAGAACGAAACACAGCTACACCCCTCGTACATCCCTCATTATCTCCTCCGTGGTGACCCCTTCGCCTCGCGGCTCTCCAGAGAGGCCGACATCATTGCAGCCTTTTACATCTGCATAATAGGTATCATGTCTGCAACAGGAAATGGTTATGTCATTTATATGAGCATCAGAAGAAAGGCCAAGTTGAAGCCCGCTGAGCTCATGACTGTCAACTTGGCCATCTTCGATTTTGGTATATCAGTGACGGGAAAGCCCTTTTTTGTTGTATCCAGTTTCTCCCACCGCTGGTTGTTTGGCTGGGAGGGCTGTCGTTTCTATGGCTGGGCGGGCTTCTTCTTTGGATGTGGGAGCCTCTTCACGATGACTGTGGTCAGCTTGGACCGATACTTTAAGATCTGCCATCTAAGATATGGCACGTGGTTGAAGCGGCACCATGCCTTACTGTGCCTGGCCTTTGTGTGGCTGCTTGCAGCCTTCTGGGCCACCATGCCGCTGGTAGGCTGGGGGAGCTACGCCCCAGAGCCCTTCGGAACTTCTTGCACTCTGGACTGGTGGCTGGCACAGGCGTCGGTGTCTGGCCAGAGCTTTGTCATGTCCATCCTGTTCTTCTGCCTCATCCTCCCCACTGGAATCATCGTCTTCTCCTACATTAAGATCATCTTCAAAGTCAAGTCCTCTGCAAAGGAAATCTCACACTTTGACGCTCGCATCAAAAACTGCCACAACCTGGAGATGAAACTCACAAAGGTGGCGATGCTGATCTGCGCAGGGTTCTTGATAGCCTGGATCCCTTATGCAGTGGTGTCGGCATTTGGCCAGCCAGACTCGGTACCCATCCCTGTCTCTGTCATCCCCACCCTCCTGGCCAAATCGGCGGCCATGTACAACCCTATCATCTACCAGGTCATCAACCGGCAGAAATCCTCCTCTTGTTTTAAAGTTCTGAAGAAACACAGACATCTTAGAAAATCAAGGTTTTATACCATCTCTGGGTCATTAAGGGACCGACCCCCAGCCTGTGAAGCTCACATTGAGATGTGA
Lucifuga_dentata	opn6a_1	scaffold65_size400642_260669_400642:26127-33485	+	1200	Truncated		6		ATGCTGAAGAATCATCCTCTGAAGGTTGTCAATATTCCATGGAGGAATAATAACCTGAGCACTCTAAATACAGACCCTCCTTTGTCAGAACAGGGAGAGACCATTGTTGGAGTGTACCTGCTAGTGCTAGGATGGCTGTCCTGGTTTGGAAACAGTTTAGTGATCTTTGTGCTGTACAGACAAAGGGTCTCACTTCAGCCAACAGATTTTCTCACTTTAAACCTTGCCATCTCTGATGCCAGCATCTCAGTGTTTGGCTACTCCAGAGGTATTCTAGAAATATTCAATATCCTCAAGGATGACGGATATTTGATCACCTGGATCTGGACCTGTCAGGTAGATGGCTTCTTCACCTTGCTCTTTGGCCTTGCAAGCATCAACACCTTGACCGTTATCAGCGTCACCAGATACATCAAGGGATGCCACCCAAACAAAGCTCAGTGCATCAGCATGAACACTATTGCAGTGTCACTAATCTGCATTTGGACTGGAGCGTTCTTTTGGTCTGTGGCCCCATTGATGGGATGGGGCAGCTACACAGATCGAGGTTATGGTACCTGTGAGGTGGACTGGTCAAAAGCCAACTACTCCACTATCTACAAGTCATACATCATCTCCATCCTCATCTTCTGCTTTTTCATCCCTGTGACAATCATGTTCTTCTCCTATGTGTCCATTATCAACACAGTGAAAAGCACTAACGCCATGTCAGCTGACGGTTTCCTCACTGACAGACAAAGGAAGGTGGAGAGAGATGTCACAAGGATCTCCATTGTAATCTGCATGGCTTTCATCATGGCCTGGTCACCATATGCAGTGGTGTCTATGTGGTCTGCCTGGGGATTCCATGTGCCAAGCACAACCAGCGTCATCACCCGCCTCTTTGCCAAGTCAGCCAGCTTTTATAACCCACTCATCTATTTTGGCATGAGCTCCAAATTTTGCAAGGACATCTCTGTACTGCTGCCCTGCACACGCAAGAAGAGGGATGTGGTACGTCTCCAGCACTTTAAAAACATCAAGCCCAAGGCTGAAGCTGCACCTGCGCCCGCATCACTTCCTGTCCTCAAGCCGGAGGATAAATACACTGAAGCAGAGCTGAATCGACCAAATCATGACAGAGACTTAAAGGTCAACAGCCCTCCTCAAACTCTGCCGTCTGACCCACAGGAAGTCGTCCACATCGACATACCCTCACAT
Lucifuga_dentata	opn7a	scaffold7858_size11586:2122-6171	-	1350	Pseudogene	Stop codon a.a 216 (CGA->TGA)	5		ATGGGGCTGTTTGATGATGATAAAGCATTCCACTCCAACATACCTGTGCAGCTGGACATAACAATAGCTGTAGTCTACTGTGTATTTGGAGTATGTTCTCTGTTTGGCAACAGCACACTACTCTATGTCTCCTACAAGAAAAAACACCTCCTGAAGCCTGCTGAGTTCTTCATTGTCAACTTAGCCATTAGTGATCTGGGCCTGACTCTATCCCTCTATCCCATGGCAATATTTTCAAGCTTCTACCACAGGTGGCTGTATGGGAAAACAGCATGCTCCATATATGCTTTCTGCGGGATGTTGTTTGGGATCTGCAGTCTGACCACTCTAACCCTGCAAAGCGTGGTGTGTTTTGTGAAAGTATGTTATCCACTCTATGGTAACAAGTTCAATGCCTGCCATGCCCGTCTGCTGATTGCCTGTGCTTGGGTCTATGCCCTGCTGTTTGCCTGCTCCCCGCTGGCCCACTGGGGGGAATATGGAGCAGAGCCTTATGGCACTGCCTGTTGCATTGATTGGCGCCTGTCCAACCAGCGCATAATGGCACGCTCCTACACTGTGGTGCTGTTCGCCTTCTGCTACATCCTCCCATGTTGTGTTATTGTAGCATCCTACATGGGCATCCTGGTCACAGTGCGTGCATCTTGAAAGACCATGGAGCAGCATGCATCCAGAAAGACACATATGAGCAGCATTCAAACTATTATTGTTAAGCTAAGTGTTGCTGTCTGCATTGGCTTTTTTGTGGCATGGAGTCCATATGCTGTGGTGTCCATGTGGGCTGCCTTTGGATACACTGAGAGCATCCCTCCTCTGGCATTTGCCATACCAGCCATGTTTGCCAAGTCTTCCACCATTTACAACCCAGTCATCTACTTAATGCTAAGGCCCAACTTTCGCAAAGAAATGTGCAGGGACCTGGGTATTTTTTGCCACACCTGTCTGAAGGGCCACATCTGTTCACAGGGCTCAGGGAAGTTCCGCTCCAAGTCAACAATCAGGGTCAGTCTTTGCAACATCCACAGACAAATGAACCAAACGTCTTCATTCAGTTGTTCTGCCCAGCCTCCCGTGGTAGCATCAAAGGCTCACAGCTGCAAGAAATGCAAGGATGCTTTTGAATGCTTTAGGCAATACCCTCAAGAGTGCCATGTTACCAACACTGCCACTAATGTAGACACATCTGGAGATCAAGCAGCTCCAGGTTCTCAAACAAACAAGAAGACACATAGAACGTGCCACAAAAAGTCTCTGCTGGCCACCACGTGTCCAAAAAGAATGTCAGAAATAGACAGCCTCCAAATTAATTTAGAGATGGTGCCGAGGCATACGAAACTGGCTTGGCCCTGA
Lucifuga_dentata	opn7b	scaffold6805_size10928:8845-10375 [First part of the gene on scaffold2563_size60965]	+	1215	Pseudogene	Stop codon a.a 385 (TCA->TAA)	5		ATGGGAAATGCCTCCGAAACATTTTTGCTCACATCCAGAATATCAAAAGACAATGACTTCATCATGGGGACACTCTACACCATTTTTGGTGTACTGTCTGTGCTGGGGAACGGCATCCTGCTGTTTGTGGCCTATAGAAAGAAGTCCTCTCTGAAGCCAGCAGAGTTCTTTGTAGTTAATCTGGCCATTAGTGACTTAAGTATGACCGTCACCCTCTTCCCAGCAGCCATCCCTTCAACCTTCACTCACAGGTGGCTGTTTAATGAGACAATGTGTACTGTCTACGCATTCTGTGGTGTTTTATTCGGCCTGTGCAGCCTCACCAACCTCACAGTGCTCTCCAGTGTCTGCTGGCTCAAGGTTTGCTGCCCAAACTATGGTAACAAGTTCTCCTTCTGCCATGCCCGCCTGCTGGTTGCTGGGGTCTGGTGCTATGCTGCAGTATTTGCTGTTGGTCCTCTGTCAGGCTGGGGGGAGTATGGGTCCGAGCTGTATGGCACAGCATGCTGCATCAACTGGCATGCACCCAGGCAAAACTCTGCAGCTATGAGCTACATCGTCTGCCTCTTCTTCTTCTGCTACATTGTACCCTGCACCATCATCTTTCTGTCCTACACCTTCATCCTCCTGACTGTCCGTAGCTCCTGCCAGGCTGTGCAGCAGCATGTGTCCCCACAGAACAAGATCACCAATGCACATGCACTTATCATTAAGTTGTCTGTGGCTGTGTGCATTGGTTTCCTTACAGCATGGAGTCCATATGCTATCGTGTCCATGTGGGCAGCATTTGGTAACACATCAGATGTGCCACCCATGGCTTTTGCCCTAGCAGCAATCTTTGCCAAGTCCTCCACCCTTTACAACCCTATTGTGTATTTGGTCTTCAAGCCCAACTTCCGCAAGTCCCTATGTCGGGATGTGGCCCAGTGCAGAAGGACACTCTGTGGATGTCTGTGTCAGCACGGTTCCACCCAAAAGGGAACATGCAGGCAGTCACAGCGCAAAGAAGAGTGCAACTCCACAAAGATCTCTAACGGCCTGCCGGAGAACCACAGGACCTGCAAACACTGTCCTTGCCCAGAGACAGTCACAGGTATCAGAGAACACTGTGCAGAGTACAGCCCCCAACAGACAGCCAGGATACTCACAGGATAAATGCACAGTGAGGTGGCTGTCAGTCAACTCTCCAATGATTTGCAGAGTGATTTCCTATAA
Lucifuga_dentata	opn7d	scaffold791_size187547:145396-147803	-	1197	Complete		5		ATGAGAAATCCTTCAGACACATCTGCTGTATTTGTCTCCACTATCTCCAAGGAGCTCGACCTCCTCATGGGTTCACTCTACAGCATTTTTTGTATATTGTCTCTAATAGGCAACTGCGTTTTACTACTAATTGCATATCATAAGAGGTCGACCTTGAAGCCAGCAGAATTCTTCATCATCAGTCTATCCATCAGTGACCTTGGGATGACATTCTCTTTATTCCCTTTGGCCATAGCATCAGCTTTTTCTCACAGATGGCTGTTTGGAGAAATAATCTGTCAGTTCTACGCTGCTTGTGGAGTACTGTTTGGTCTGTGCAGCCTGACCAACCTCACAGCCCTGTCCTTAGTTTGCTGCCTCAAAGTTTGCTTCCCCAACTGTGGTAACAAGTTCTCCTCGTCTCACGCCTGCCTCCTGGTGGTTGCAGTGTGGTGTTACGCATCGGTGTTTGCTGTAGGCCCCTTGGCACAGTGGGGACATTACAGTGCTGAACCTTATGGCACAGCTTGCTGTATCGACTGGCGCGCACCCAACCATGAGCTTTCAGCTTTGTCCTACATTGTCTGCCTGTTCTTGTTTTGCTACGTACTGCCCTGCACCGTAATCCTTCTCTCCTACACTTTCATTCTGCTGACAGTATGGGGGTCACGTCAGGCCATCCGGCAGCATGTGTCTCCCCAGACAAAGACCACTGCTGCGCATACTCTCATAGTCAAGCTGTCTGTAGCAGTGTGTATAGGCTTCCTGGGTGCCTGGAGCCCCTATGCTATTGTTGCCATGTGGGCTGCCTTCGGTGATGCCACCCAGGTTCCTCCTGCTGCATTTGCTCTGGTGGCCATGTTTGCCAAGTCTTCCACGATCTACAACCCTATGGTCTACCTGTTGTACAAGCCCAACTTTCGAGAGTGTCTGTACAAAGACACAGCTGTGTTTCGACATAGGATCTACGGTGGATGTCCACAGACACATCAGAAGGAATGTTTCCAATCCACCTCATGGCGAAAGGATGGGAGCATTTCCACACGCTTTCTAAGTGGACAGCAGGAGAGCTATGGGGCGTGTCTGCACTGGACAGAGGACGCAGCTTTGTGTGACACCCCCACACCCCAAAGGACTGCCTGCATTTTGACTGAATCGACCTACAGTGAAGTGACAATTGGCCAGTTCTCAGCCAAACCGCATGCTGATTTCCTCTAG
Lucifuga_dentata	opn8a	scaffold1319_size80450:55421-63165	+	1062	Complete		4		ATGGACGATAAATATACGTCCAAACTCTCCCCTACTGTTGACTTTTGGGCGGGGATGTACCTGGTAGTAATTGCCATCTTGTCTATTCTGGGGAACGTGGCGGTCCTGATCAGCTCCGCCCGCTGCCCCACCCTGCTCAAAGCTCCCGAGCTGCTGACGGTCAACTTAGCCGTGACGGACGTGGGCATGGCCCTCAGCATGTATCCTCTGTCCATCGCCTCAGCTTTTAACCACGCCTGGATCGGAGGCGACGTCTTGTGTTTCTACTACGGCCTGATGGGAATGATCTTCAGCATAACCAGCATCATGACTCTGGCTGTCATGGGGATGGTCAGGTATCTGGTGACGGGAAATCCACCCAAGAAAGGCAGCAAGTTTGAGCGTAAAACCATCAGGCTTGTGATCAGTGCGATCTGGCTGTATGCCGGCCTGTGGGCCTTGCTGCCGTTGCTGGGATGGGGCAGCTACGGCCCGGAGCCGTTTGGACTCTCCTGCTCAATAGACTGGATGGGCTATCAAGAGTCCCTAAACCACTCCACCTTCATCATGACTCTGTCTGTCCTCTGCACCTTCATCCCCTTCCTGATCATCCTCTTCACCTATTTCAGTATTGCCTGGAAGCTGCACAGGGCCTACCAGTCCATCCAGAGTAGCGATTTTCAGTACGGCAACATTGAGAAGAAAATCACTCTGATGGCTGCGATGATCAGTTTGGGCTTCGTTGTCGCCTGGACTCCTTACGTTGTTGTCAGCTTTGCCTCTCAGGAGCAGAACCCCCTCACTCCAGTTGTCAGCCTCCTCCCCTGCCTTTTTGCCAAGAGCTCTACCGTATACAACCCTTTCATCTATTTCATCTTCCGCCGCACTTCCCAGAACAAGTTCCTCTGCCTGCACAGCCTCACGTGCTGCTCTCATCAGGTCAAATCGCCTCCTGAAGCTGAAATGGACAAAGGCTCTGACTGCAAGGCTTTCACAGGCAGGAATGGTGAAACCTGCGTGGGCGTCGTAGCTCCTGGTGGAACGTCTAAAAGCGAGATGATGAGTTCTGGTAATTCTGTATGA
Lucifuga_dentata	opn8b	scaffold1319_size80450:74377-79945	+	837	Complete		4	3:GC--AG	ATGGATAGCTACAGCTCCAGACTGTCTCCAGCGCTGGACATCGGCACAGGATGTTACCTGCTGGTTGTAGCTGTGCTCTCCATTGTGGGGAACCTGTTGGTCATCATCATGGCTTTCAAAAGGTCATCGAGGATGAAGCCGCCGGAGCTGCTGAGTGTGAACCTGGCGCTGATGGACCTGGGAGCAGCCGTCACCATGTACCCGCTGGCCGTGGCCTCCGCCTGGAGCCACCGCTGGCTGGGAGGAGATACGACCTGCGTTTACTACGGCCTGGCAGGATTCTTCTTCGGCGTCGCCAGCATCATGAACCTGACCATCCTGGCCATAGTGCGCTTCTTTATCTCCCTCAGTATGCAGTCTCCTAAGGAGAGTGTCAGCTGGAAGAAGGTGAAGGTCCTGTGTTTGTGGATCTGGGTCTACACGCTGCTCTGGGCTCTGTTCCCCGTCCTGGGCTGGGGCAGGTACGGCCCGGAGCTCTTCGGCCTTTCCTGCTCCATTGCCTGGGGACAACTGATCAATGCGGGAGATTTCTCCTTCATCATCTCCCTCTTCTCCTTCAACCTGGTGGTGCCTTCTGTCATCATCACCTGCTGCTACTTCAGCATCACCATCAAGCTCTGGTGCACGTATAAAAACTCTGTCAACAACAGCCGCCACGTCACCAACATCGTCAAGCTGCACCATCGCTGTTCTGATCAGCATGGGCTTCATACGCCATACGCTGTGGTAAGTATGTGGTCCCTTTTTAGGGACAGCAGCTCCATCCTCCCTGAGGTCAGCCTCCTGCCATGCATATTAGCAAAAACAGGTAATTACTCAGGTAATTACTGTAAGTAA
Lucifuga_dentata	opn8c	scaffold289_size324319_19316_262780:150415-155387	+	1218	Complete		4	2:GC--AG	ATGCCTCTGAATTCCTCAGAAGGAAACAGGACGGTGTCTGAGTTCACCTCCAAACTGACTCCTGCTGCTGACACGTATGTGGGACTGGCCATCCTCTTCATGGTCCTGCTTTCCGTTCCGGGTAACGGGCTGGTGCTGGTGATCTCATACCGGAGGAGGAAGAAGATGATTGGTTCTGAGTTTCTCTGTGTCAACTTGGCGGTGGTGGACTTCCTCTGCTGCATCTGCTTCTACCCGCTCTCCATCCTGTCCTCCTTTAACCACGCCTGGCTGGGAGAGAACGTCACTTGCATCTACTACGGCCTGGGCTGCTACATCTTTGGCCTGTGCGGCATGTTCACCATCGCCGCCATCAGCACCTTCCACTACCTGAAAGTCTGCTGCACTGCGTGGCTGGAAGGAACCAACATCCGGCTGGTGTGCTTCATCATCTGGCTGGTCGCCGCGGTGTGGTCCAGCTTCCCTCTGTTTGGCTGGGGCGAATACGTCCCTGAGCCCTACGGCCTGTCCTGCACCATCGCCTGGAGACGCTACCACACCTCGGTGAAGGATGCTTTCTACGTCATCTGCTCCTTCACCTGCTTCACACTGGTCCCCGTCCTGCTCATTGTGGTGTCGCAGAGCCTGATCCTCCACAAGGTTTACCACTTCTCCTACTCGCTGTCTGCCAGAGGCATCCGTAACAATCTGCGCTATGCTGAGAAACGCCTCTCCATGATGTTCTTTTGCATCAGTCTGGGGTTCGTGATCGCCTGGGCCCCCTACGCCGTGGTGTCCTTCCTCTTCATTTTCCATCAGGATAACTGGCACATGGCTCCCGAGGGCTTTGTTTTCCCCGCACTTTTTGCCAAAAGCTCCCACATCTACAACCCGTTCATCTACTTCTACTTTAACAAGACTTTCCAACAGGAAGTGAACTGTTTGCTCCGCTCCCTCTGCTGCAGGTTTGGCTCGAACCAAGTGGGAGTCCACCTCACCTCAGACCACCAAGCTCATCCGATCCACATCCAGCTGCAAGAACGAGGCCACGGTCAAAGGAAAAGCTTTACTTTGTCTAAGGACAGAACTCACAGCAGGAATAAGAGCAACAGCAGGAACACCAGCAACAACTATGTTCACGTTAGGCCGTTTATCCCTGCTGCAGAGTCCAAATTTAAGGTGATAACCTCTGTTGTGGACAGTAACAGAGCCAAACAGTTCCTGCCCGGCTCCATATGA
Lucifuga_dentata	parapinopsin-1	scaffold931_size350442:258725-260306	-	1014	Pseudogene	Stop codon a.a 56 (CAG->TAG)	5		ATGGAGACTCTTGCCATTGCAAACTCCTCAGTATCTCACAGTTTAGTTAATACAGCTCATCTGTCTCGGACTGGATACACATCACTGGCCGTTATCATGGGTGTGTTTTCTGTGGCGGGGATCATCCTAAATGTGCTGGTGATAGTGGTGACAGTAAAACACAGATAGCTAAGGCAGCCACTCAGCTATGCCCTGGCTATAGGTGACCTGGGTTCTGCTGTGCTTGGAGGTCTACCTGCCACAGTAAGCAGTGCCATGGGCTACTTCAGCCTAGGACATGTGGGCTGTGTCATAGAAGGCTTCTCTGTATCTTTCTTTGGTATAGCAAGTCTGTGCACAATAGCAGTAATTTCTGTTGAACGCTACATAGTGGTGCGCTGTCCCATGGGTGCTGTAGTCCTCCAGATGAGGCATGCGGTTGCTGGTGTGGTCGTGTCCTGGTTGTGGTCATTCGTGTGGAACACTCCGCCTCTGTTTGGCTGGGGAAGTTATGAGCTGGAGGGCATCAAGATTTCCTGTGCACCTAATTGGTACAGCGGTGATGTGGGCAACATGTCCTACATCATCTTATACTTTCTCTTTTGCTTTACTGTGCCCTTCTGCATCATCATAGTCTCCTACTTGCGTCTCTTATGGACCCTCCATCAGGTGACCAAGCTCCAGGTATCAGAGGCAGGCAGCAGAAACCGTATGGAGATGCAGGTGGCACTTATGGTAGTGGTGATGGTGTTGACTTTTCTAGTGACCTGGTTGCCCTATGCAGCCATGGCCCTTGCTATTATTATAGACTCCAGTCTATATCTTGACCCTTTCATCGCTACCATACCTGCTTTCTTTGCTAAAAGCAGCACTGTCTACAACCCCATCCTTTACGTTTTTATGCACAGACAGTTCCGGGGCTATGCTATTTCGACTCTGCTGTGCGGATGGAACCCACGGGCTTCAGATCCAGAAATGTCAGATGGTGAGACTACAATTGCTTCTATTAACAAGAGCCAAAAAGGTCTCACCTAG
Lucifuga_dentata	parapinopsin-2	scaffold310_size318950:48271-51358	-	1011	Complete		4		ATGCAGCATTCTGCTTCTTCACCAAATGTCTCCTTCTACCTGGGCCCCCAGCAGGACCCCCCATTGTCACGTGCCGGCTTCATCACTCTCTCCATCATCATGGCTATTTTCACCGGTCCAGCAATCATACTCAACGCTACAGTGATTATTGTGTCCCTCATGCACAAGCAGCTGAGGCACCCGCCCAACTATGCTCTGGTGAACGTGGCTGTGGCAGACCTGGGCACGGCCATGACCGGAGGGCTGCTGTCAGTGGTCAACAACGCTCAGGGCTACTTCTCCCTGGGAAGAACGGGCTGCGTGATGGAGGGCTTTGCAGTGTCCTTGTTTGGTATCACCTCTCTGTGTACAGTTGCTCTGATAGCGGTGGAGAGGATGTTTGTTGTTTGTAAGCCTCTGGGACAGTTTTCTTTCCAAGTGAAGCATGCAGCTGGAGGTATTGCCTTGTCCTGGCTTTGGTCCCTCGTATGGAACTTGCCTCCCCTGTTTGGATGGGGCAGGTACGAGCTGGAAGGTGTCGGGACGTCCTGCGCACCGGACTGGCACAGCCGAGACCCTACAAACGTCTCCTACATCCTGTCTTATTTTGCATTATGCTTCGCCATTCCTTTTGCTGTTATCTTGGTATCTTACGCAAAACTCATTTGGACCGTGCACCAGCTAGTCTGTGTGGAAGGAGGTGCAGCAGTTAAAAAGGAGATAAAGGTGGCATTCATGGTGATTTTGATGGTACTGACTTTTCTGATCAGTTGGTTGCCCTATGCTAGTCTGGCCATGCTGGTGGTCTACAATCCTGATGTGAAGATTCACCCGCTGGTAGGTACAGTGCCGGTTTACCTGGCCAAAAGCAGCACCGTTTACAATCCCATCATCTACATCTTCCTCAACAAACAGTTCCAGAAATATGCAATTCCCTTTCTGCTGTGTGGGAGAGAAACCTGGGAGAAGGACAAGGAATCAGAGAATGAAACCACTTTTGAGACTGCAAACAACAAAGTGTCTCCATCCTGA
Lucifuga_dentata	parietopsin	scaffold844_size150663:84243-85853	-	1049	Pseudogene	Frameshift -> Insertion of GT pos 292	4		ATGGACAGCAACAGCACGCCGTTGAGTGCCGGCTCCTATTCCTTGCAGAATGATGTGGTCTTTCCATGGGTGGGCTACAGCATACTTTCTTTCCTCATGTTCATCAACACAGTTCTATCAGTTTTTAACAATAGTGTGGTAATCGCCGTGCTGCTTAAGAATCCGTCTCTCTTGCATCCTATGACCGTTTTTATCTTCAGCCTTGCTGTGTCAGACCTCATGATAGGCCTGTGCGGCTCCTTAATTGTCACCATCACCAATTACCAAGGGTCTTTCTTTCTTGGCAACACAGTGTGTGTGTGTTTCAAGGATTTGCAGTCAATTACTTTGGTCTGGTGTCTCTCTGCACCCTGACTCTGCTTTCCTATGAACGGTACAATGTGGTGTGTAATCCAAGTGCTGGTTTCAAGTTAAGCATGCGCAGAAGCATCTATGGGCTGGTGTTCGTATGGTCCTTCTGCTTGTTTAGGGCTGTGACACCATTGCTTGGCTGGAGCTCCTATGGACCTGAGGGTGTCCAGACCTCCTGCTCTCTGGGCTGGGAGGAGAGATCTTGGAGTAACTACAGCTACCTTATCTTCTACACAGTTATCTGCTTTATTATCCCTGTTATAGTCATCATTTACTGCTACGCTAAACTGCTGACCTCCATGAATCGGCTGAACAGGAGCGTGGAGCTCCAATGTGGACATTCTAAACAGAAGGAGACAGACCGTGCCATCAAGATGGTACTGGCCATGATCATATCCTTTTTCATTTGCTGGCTGCCTTATACTGTTCTGTCGGTGGTGGTGGTCGTGGATCCAGAACTCTACATCCCTCCTCTGGTTGCCACAGTGCCGATGTACTTTGCCAAGACAAGCCCTGTCTATAACCCTATCATCTACTTCCTTTCCAACAAGCAGTTTCGTGATGCTTCTCTGGAGGTGCTGTCGTGCGGCCATTACATTCCCCATGGAGCTTCCAGCGTCAGCCTCAAACTTCACACTTTAAAAACACCGTCCTTCAGCAGGAGGGTCAACGTGCAAAGCAGAGTGTTGCCCATGTGA
Lucifuga_dentata	rgr1	scaffold1579_size132958_1_123346:14048-21461	+	888	Pseudogene	Stop codon a.a 116 (CAA->TAA) + Splice site mutation	8	4:GT--TG	ATGGTGTCGTCTTACCCGTTACCGGAGGGCTTCTCCGAGTTTGACGTGTTCTCGCTGGGATCGTGCCTGATGGTGGAAGGTCTCTTCGGTTTCTTTCTAAATTTGGTGACGATCGTCGCTTTCCTCAAAGTCAGAGAGCTCAGGACCCCCAGCAATTTCCTCGTCTTCATCCTGGCGATGGCTGACATCGGCATCTCCATGAACGCCACCGTCGCCGCTTTCTCCAGCTTCCTGAGGTACTGGCCTTATGGCTCTGAAGGATGCCAGACTCATGGCTTCCAGGGCTTCCTCACAGCACTCGCCAGCATCCACTTTGTGGCCGCCATCGCCTGGGACAGATACCACTAATACTGCACCAGGACGAAGCTGCAGTGGAGTAGCGCCATCACTCTGGTCGTCTTCATCTGGCTCTTCACCGCCTTCTGGTCCGCCATGCCCCTCATCGGCTGGGGACAATATGACTACGAGCCCCTCAGGACCTGCTGCACTCTGGACTACAGCAAGGGTGACAGGAACTACGTGTCTTACCTGATCCCCATGAGCCTCTGCAACATGGTCGTCCAGCTGTTTGTCATCATGTCCTCTTACCAGTCCATTGCACAGAAGTTCCAGAAGACCGGAAACCCCAGATTCAACCCCACCATTCCTCTCAAGACTTTGCTGCTCTGCTGGGGCCCCTACGGACTCTTGTCGTACTACGCCGCCATGGAGAACGCCAATCTGGTCTCTCCAAAGCTCAGGATGATCGCTCCCATCATGGCGAAGACCGCTCCCACCATCAATGTGTTCCTCTACGCTCTGGGCAATGAGAACTACCGAGGAGGCATCTGGCAGTTGCTGACTGGGGAAAAGATTGATGTGCCTCAAATTGAGAACAAATCCAAATAA
Lucifuga_dentata	rgr2	scaffold49_size483353:133548-139828	+	882	Complete		7		ATGGCAGCGTATCCGTTACCGGAGGGATTCACCGAGTTTGATATGTTCACGTTTGGCTCAGCGCTTCTTATTGGGGGGCTGCTTGGCTTCATGCTGAATGCCATTACCATCGTTTCTTTCCTGCGTGTGAAGGAGCTGCGGACTCCCAGTAACTTCTTTGTGTTTAATCTCGCCTTGGCCGACATCAGCCTGAATATTAATGGACTGACTGCTGCTTATGCAAGTTTCCTCAGACATTGGCCGTTTGGTCAAGATGGATGTGCCTATCACGGTTTCCAGGGTTTGATTTCGGTCCTGGCCTCCATCAGTTTCATGGCTGCCATCGCATGGGACAGATATCACCTTTACTACACCAGACAAAAACTCTTTTGGAGCACAGCTATAACGATGAGTGGCATCATCTGGGTTCTTTCCATCTTCTGGGCTGCTGTTCCTCTCAGGGGATGGGGCGTCTATGACTTTGAGCCTATGAGAACTTGCTGCACTCTGGACTACACCAGAGGAGATAGAAACTACATAACCTACATGTTAACTCTGGTGCTGCTTTATCTGATGTTCCCGGCGGTGACGATGTTTTCGTGCTACGATTCCATCAGCAAATACTTCAAGAAGACCCATCGGTATAAGTTTAACACCCGTTTGCCTTTGAGTGTCATGGTGATGTGTTGGGGCCCGTATGTCCTCATGTGCGTCTACGCCTGCTTTGAGAATGTAAAAGTCTTTTCTCCAAAGTTAAGAATGCTGCTTCCTGTTATTGCAAAGACAAACCCCATCTTCAACGCTCTCATCTACTCTTTTGGAAACGAGTTTTACCGAGGCGGAGTTTGGCATTTGCTCACCGGACAGAAGATCCCTGATCCAGCTATTGTGAAGTCCAAATAA
Lucifuga_dentata	rh1	scaffold1146_size219476_12815_219476:106628-107687	+	1059	Complete		1		ATGAACGGAACAGAAGGACCATTTTTCTATGTCCCAATGCTAAACACGACCGGCATCGTCCGGAGCCCATATGAATACCCTCAGTACTACCTAGTCAACCCGGCTGCTTTTGCTGCCCTGGGTGCCTACATGTTTTTACTCATTCTTCTTGGCTTTCCCATCAACTTTCTCACTCTGTATGTAACCATCGAACACAAGAAGCTGCGAACACCTCTAAACTACATCCTGCTGAATCTGGCTGTGGCTAACCTCTTCATGGTGTTTGGAGGTTTTACCACCACGATGTACACCTCCATGCATGGCTACTTTGTTCTTGGACGCCTTGGCTGCAATCTTGAAGGATTCTTTGCTACCCTCGGTGGTGAGATATCTCTCTGGTCACTGGTTGTTCTGGCTATTGAAAGGTGGTTAGTTGTCTGCAAGCCCATCAGCAACTTCCGTTTCGGGGAGAATCATGCTATTATGGGTGTGACCTTTACCTGGATAATGGCTTTGTCATGTGCTGCACCTCCTCTTGTTGGCTGGTCTCGTTACATCCCTGAGGGCATGCAGTGCTCATGTGGAGTCGACTATTACACACGTGCAGAGGGTTTCAATAATGAGTCCTTTGTCATCTACATGTTTATCTGCCACTTCACCATTCCTCTGAGTATTGTGTTCTTCTGCTATGGTCGTCTGCTCTGCGCTGTCAAGGATGCTGCTGCTGCTCAGCAGGAGTCTGAGACCACCCAGAGGGCTGAAAGGGAAGTCACTCGCATGGTGATTATCATGGTCATTGCCTTCCACGTATGTTGGTTACCCTATGCAAGTGTGGCCTGGTGGATGTTCACACATCAGGGTGCCGAGTTTGGACCAGTCGTGATGACACTCCCATCATTCTTTGCCAAGAGTTCAGCCATCTACAACCCAGTGATCTACATCTGCATGAACAAGCAGTTCCGCCACTGCATGATCACCACCTTGTGTTGTGGCAAGAATCCTTTTGAGGAAGAGGAGGGAGCATCCACTACCAAGACAGAGGCCTCCTCTGTTTCCTCCAGTTCTGTATCTCCTGCATAA
Lucifuga_dentata	rh2	scaffold1906_size60960:11466-14944	-	1038	Complete		5		ATGGAGAACGGCACAGAAGGCAAGAACTTCTACATTCCCATGAACAATAGGACTGGGCTGGTGAGGAGTCCTTTTGAATATCCACAGTACTACCTGGGGGATCCATGGCAATTCAAATTACTAGCTGCCTACATGTTTTTCTTGATCTGCACCGGCTTCCCCATCAATGCTCTGACACTGGTGGTCACAGCTCAGAATAAGAAGCTTCGACAACCTCTCAACTTTATCTTGGTCAACTTGGCTGTGGCTGGACTGATCATGGTCAGTTTTGGATTCACCATGACCTTTATTACTGCTCTTAATGGCTACTTCATTTTTGGTCCAATGGGCTGTGCCATTGAGGGATTCATGGCAACTTTGGGAGGTCAGATTTCTCTCTGGTCACTGGTTGTGTTGGCTGTTGAAAGATACATTGTTGTCTGCAAACCCATGGGAAGCTTCAAGTTCACTGCAAGTCATGCAGGAGCTGGAGTTGTTTTCACCTGGATCATGGCTTTGGCTTGTGCTGCCCCTCCACTGGGTGGCTGGTCCAGGTACATTCCTGAGGGTCTGCAGTGCTCTTGCAGACCTGACTACTACACTTTGGCCCCAGGCTTCAACAACGAATCATATGTCATGTACATGTTTTGCTGCCACTTCTGTTTTCCAGTTTTCACCATCTTCTTCACTTATGGAAGCCTTGTGCTGACAGTCAAAGCTGCCGCAGCCCAGCAGCAGGAATCAGCATCTACCCAGAAAGCTGAGAAGGAAGTGACACGTATGTGCATTCTGATGGTTTTTGGATTCTTGCTTGCTTGGACCCCCTATGCTAGCTTTGCTGCATGGATCTTCTTCAACAAGGGAGCTGCATTCACTGCTCAATCTATGGCTATCCCTGCTTTCTTCTCCAAGAGCTCTGCCTTGTTTAACCCAGTCATCTATGTGCTGATGAACAAACAGTTCCGTAACTGCATGCTGAGCACAATTGGAATGGGTGGTATGGTGGAAGATGAGACCTCAGTATCAGCCAGCAAGACAGAAGTGTCTTCTGTCTCTTAA
Lucifuga_dentata	rrh	scaffold6082_size26173:3524-21634	-	1011	Complete		7		ATGGGCTTTGACTCTGCAGTCAATATTTCAGCTGATGTTGCATCTTACGGTGGGAAAAGTGCCTTTACACAACTGGAGCACAACATTGTGGCTGCATATCTAATAACTGCAGGTGTCATCAGTTTAGCTAGTAATATCGTGGTGCTGCTAATGTTTGTGAAATTTAAGGAGCTTCGCACTGCCACAAACTTCATCATCATCAACCTCGCCTTCACCGACATCGGAGTGGCTGGTATCGGATATCCGATGTCAGCTGCTTCTGACATTCATGGCAGCTGGAAATTTGGCTACACTGGCTGTCAGATCTACGCGGCTCTAAACATCTTCTTTGGCATGGCGAGCATCGGCCTGCTGACCGTGGTCGCCATCGATCGCTACCTGACCATCTGCAGACCTGACATAGGACAGAAGATGACGGTCCGCTCATACAACTTTCTGATCATGGCGGTGTGGCTTAATGCCGTGTTCTGGTCCTCCATGCCCATAGCAGGCTGGGCCGGATATGCCCCCGACCCCACAGGAGCGACCTGCACCATCGACTGGAGAAACAACGACGCTTCCTTCATTTCTTACACGATGGCGGTGATTGCTGTGAACTTCGTGCTGCCTTTGTCCGTTATGTTCTACTGCTACTACAACGTGTCCGTCACCGTGAGGAGACACAAAGCCAGCAACTGTCTGGAACGCATCAACATCGACTGGTCCGACCAGATGGACGTCACCAAGATGTCCATCGTGATGATCATCATGTTCCCGGTGGCGTGGTCTCCGTACTCCATGGTTTGTCTCTGGGCGTCGTTTGGTGACCCTCAGAAGATCCCCGCCCCCACGGCGATCATCGCTCCGCTCTTTGCCAAGTCCTCCACCTTCTACAATCCGTGTATTTACGTCATAGCCAACAAAAAGTTCAGAAGAGCCATCACAGGGATGATCCGATGTCAAACCAGACAGCGAATCACCATCAACACCCAGGTTCCCATGACAACCTCCCAGCAACCTCTGACTCCGTGA
Lucifuga_dentata	sws2	scaffold1389_size264888:152130-154576	-	1059	Complete		5		ATGAGGTCGAACCGTCCCGTGGAGTTTCCAGAGGACTTCTGGATTCCCATCCCGCTGGAAACCAACAACATTACATCCCTCAGCCCTTACTTGGTTCCTCAGGACCATCTAGGGAGTCCAGGGATCTTTTATTCCATGTCAGCATTTATGTTCTTTTTATTTGTGACAGGCACAGCCATCAATTTGCTCACTGTTGCTTGTACTATACAATATAAGAAGCTCCGGTCCCATCTGAACTACATCCTGGTGAACTTGGCCGTGGCGAACCTTCTCGTCTCCTTTGTGGGCTCCTTCACCTGCTTCTACTGCTTTGCCTTCAGATACATGATTCTTGGTCCACTGGGGTGCAAGATTGAAGGATTTACAGCTACTATTGGTGGCATGGTGAGCCTGTGGTCTCTGGCTGTGATTGCCTTTGAAAGATGGCTGGTCATCTGCAAACCACTCAGTAACTTCATCTTCAAGCCCAACCACGCTTTGGCCTGCTGTGCCCTGACTTGGGTCTTTGCTTTGGCTGCTGCAGTTCCTCCACTAGTCGGCCTGAGCAGGTATATCCCAGAGGGCATGCAGTGCTCCTGCGCTCCGGATTGGTACACCACAAACAACAAATTCAACAATGAATCTTATGTGATGTTCCTCTTCTGTTTCTGCTTCTCTGTCCCTTTTTTTACCATTATCTTCTGCTACTCCCAGCTGCTTTTCACAATGAAAATGGCAGCAAAAGCCCAACTTGAGTCTGCCTCCACCCAAAAGGCAGAGCGGGAGGTCACCAAGATGGTGATCTTCATGGTGATGGGCTTCCTGGTGTGCTGGTTACCTTATGCCTCCTTTGCACTTTGGATAGTGAACAACCGTGGGCAGCCATTTGACCTGAGATTGGCCACAATACCCTCCTGTCTGTCCAAGGCCTCCACAGTCTACAACCCTGTTATCTACATCCTCCTCAATAAACAGTTCCGCTCATGTATGAAGAAGATGCTGGGGATGGGTGGCGGTGAAGATGAAGAGTCGTCAACCAGTCAATCAGTAACTGAAGTCTCAAAAGTTGGACCTGCGTAG
Lucifuga_dentata	tmt1a	scaffold5046_size20481:2831-10246	+	1134	Pseudogene		5	3:GC--AC	ATGATCTCCGAAGTGACAGACATCAACCTGACGGCAAACTTCAGCGCGCTGGACCCGGAGGAGCCGCAGCACCGGCTCTCCCGCACCGGACACCGGGTGGTCTCGGTCTTCCTGGGCTCCATCATGGTCTTCGGTTTCCTCAACAACCTGCTGGTCCTGATCCTCTTCTGCCGGTTCAAGACTCTGAGGACTCCGGTCAACGTGCTGCTGCTGAACATCAGCGTCAGCGACATGCTGGTGTGTGTGTGCGGCACCACGCTCAGCTTCGCCTCCAGCCTGCGCGCGCGCTGGCTGTACGGCCGCCACGGCTGCGTGTGGTACGGCTTTATCAACTCCTGCTTCGGAATCGTGTCGCTCATCTCTCTGGCCGCGCTGTCATACGACCGCTACAGCACTCTGATGGTCTACAACAAGAAGGCACCAGACTACCGGCACCCCCTGCTGGCGGTGGGCGGGTCCTGGCTGTACTCGCTCTTGTGGACGGTGCCCCCCCTGCTGGGCTGGAGCAGCTACGGCCTGGAGGGGGCGGGGACCAGCTGCTCGGTGATGTGGACGGAGCGAACGTCGCGCTCACACTCGTACATCATCTGTCTGTTCATCTTCTGCCTGGGCGTTCCCGTGCTGCTGATGGTCTACTGCTACGGCCGGCTGCTGTACGCCGTCAAACAGGTTGGCCGGATTCGGTGGACGGCGGCGCGGCGTAGGGAGTTCCACATCCTGTTCATGGTGGTCACCACAGTGGTGTACTTCCTGCTGTGCTGGACCACGCACGGCGTGGTGGCCATGATGGCGACCTTCGGCCGGCCGGGCCTGGTCACGCCGGTGGCCAGCATGATTCCATCCATCCTCGCCAAGAGCAGCACCGTGTTCAATCCCGTCATCTACATCCTCATGAACAAACAGTTCTACAGATGTTTCCTGATCTTGTTCCGCTGCAAACATCCTCTTTCTGAGAACGGACACTTGTCTCTGCCATCCAAAACCACAGTGCTGCAGCTCAGACGAGCGTGTGAAAGCAGTCCCATCGTCGCGCCGCCGCGCTCCAAACCCGCCGCCGTCCACGAGGACTACACCGGCCCCACCGCCTCCAACAAAACGGAGCCGCCGCCGCCGCTGCCTGAAATCCCTTCCTGA
Lucifuga_dentata	tmt1b	scaffold1018_size93789:1144-32094	+	1143	Complete		4		ATGTTTTCTGGCCAGGCTGGTCTGAATTACAGCTTCAACCTGAGCGATGAGTGGGAGCTGGTGGACTCACAAGGGCGGCTCTCCCCCACGGGCTTCATAGTGCTGTCCGTGGTGCTGAGCTTCATCATGACTTTTGGTTTTCTCAACAACTTCGTCGTCCTGTTTATGTTTTGCAAATTCAAGAAGCTGCGGACTCCAGTGAACATGCTGCTGCTGAACATCAGTGTCAGTGACATGCTGGTGTGTTTGCTCGGCACCACGCTAAGTTTTGCCTCCAGCATCCGTGGAAAGTGGCTCCTTGGTCGTATAGGCTGCTGCTGGTATGGCTTCATCAACTCCTGCTTTGGTATTGTGTCGCTGATCTCTCTGGTGAGCCTCTCCTACAATCGCTACAGCACTCTGACCGTATACAAGAAGCAGAATTCTGACTACCGTAAGCCCCTGCTGGCTGTTGGGGGGACCTGGCTGTACTCCTTGTTCTGGACAGTACCCCCACTGCTGGGTTGGAGCAGTTATGGCATCGAAGGAGCAGGAACAAGCTGCTCCATGTCCTGGACGTCTCAGACGGCCCAGTTGCACGCCTACATCATCTGCCTCTTCATTTTCTGCCTGGGTCTACCCATCCTGGCTATGGTCTACTGCTATAGCCGGCTGCTTTGTGTGGTCAAACAGGTTGGTAAGGTACGAAAGACTGCAGCACGGAGGAGAGAATACCACATACTGTTTATGGTTCTGACCACAGTGGTGTGCTACATGTTGTGCTGGATGCCTTATGGAGTCGTGGCCTTGATGGCAACTTTTGGCCCACCAGGCATCATTAGTCCAGTAGCCAGTGTGGTGCCCTCAGTACTAGCCAAGAGCAGCACTGTCATCAACCCTCTCATCTATATACTCATGAATAAACAGTTTTATAGATGTTTCCTAAATCTCTTTGGCTGCGATCACTGGTCGGTGGAGAAAGAAAATACCTCAAAGGTCTCCAAAACCACGGGCGTCCAGCTTACCCACAGAGTCTACACCGTAGACTCTGCAGCGTCACGATGGCTTGCACCATCCCAAACTTCACCCATGCCGACTATTAGTGTTGAAACACCCAAGACGTCACACAAACAACCAGGGCACCTGATGTCACCCTCTACATGA
Lucifuga_dentata	tmt2a	scaffold524_size298303_150025_298303:117119-119108	+	912	Complete		4		ATGGTGACCCTCCTGCAGCATAGCAACAACATCAGCACCGCTCATAGCTCAGTGTGGGAGCCTTCTGGCGCCCTGAGTCAAGCGGGTCACACTGCAGCAGCCATGGTCCTGGGCTCTGTCCTGGTCCTGGGCTTCCTTAGAAACTTCCTGGTGCTGCTTGTGTTCTCGCGGTTCTCCGTACCGCGGACTCCGGTCAACCTGCTCCTCATCAACATCAGCGCCAGCGACATGCTGCTCTGCATCTGCGGGACTCCCTTCAGCTTGGCAGCCAGTGTGCGCGGCAGGTGGCTGACTGGTTCCTATGGGTGCCAGTGGTACGGTTTCTGCAACTCTCTTTTCAGTGTTGTATCTCTGGTTTCTCTCTCTCTGCTCTCGTTGGAGCGATACTCTGCCTTGCTCCGCAGCACTCAGGCAGACTCCTCTCAGTACCGCAGGGCTCGGCTCGCAGTCGCCGCCTCCTGGATCTACTCGCTGGCCTGGACTGTGCCACCGCTGCTGGGCTGGAGCAGTTACGGGCCGGAGGCTTCCAGAACCTTCTGCTCGGTCCAGTGGCACCAGCGTTCAGCCACGGCTCGCTCCTATGTCTTCTGTTTGTTCGTCTTCTGTCTGCTTCTGCCACTGCTGCTCATAATCTTCTGCTACGGGAGGATTCTGCTGGCTGTACGCGCGGTCACTAGGATTAACCAGTCATCGGCTGTGAGGAGGCAGGGCCGTGTCCTACTGATGGTGGTCTCCATAACGGGCTACCTTTTGTGCTGGATGCCATATGGTGTTGTGGCAATGATCGTTTCATTTTGTCAGCCTGGTCTGGTGTCACCAGCTGCAAGTTTAATCTCCTCCATACTGGCAAAAACCAGCACCGTCCTCAACCCCGTCATTTATGTGCTGCTCAATAACCAGGTAACATTATGA
Lucifuga_dentata	tmt2b	scaffold845_size197797:228-3318 (Second part  on scaffold2125_size130370:3520-3774)	-	957	Truncated	Separated in two scaffolds	4		ATGGTTGTGCGCGTACGCGGTTGTAATTTCAGCACCGCAGACAGATCCCTCTCTGATGCCAGCCTCCGGGACTCCCTGGAGCCGCAGGCCGCCCCCGGGCTGAGCTCGACCGGCCACATGGTGGTGGCAGCCTGCCTCGGCTTTATTTTAGTAGCAGGTATCGTTAACAACTTCTTGGTTCTGTTGGTGTTCGCAAAGTTCCGCTCCCTCTGGACGCCCATCAATCTCATCCTGTTGAATATCAGCCTGAGCGACGTTCTGATCTGTGTTTTCGGGACCCCCTTCAGCTTCGCGGCGAGTCTGCATGGAAGATGGCTTATGGGGGACTACAGCTGCAAGTGGTACGGTTTCGCTAATTCCCTCTTTGGAATCGTATCTTTGGCATCCTTGTCTGCTCTCTCCTACGAGCGCTACAAGACCGTGCGGTGTTCCACCCAGGTTGATGTTTCAGACTTCAGAAAGGCCTGGCTCTGTGTCGGCGGCTCGTGGTTCTACTCTCTCTTCTGGACCATGCCGCCATTCCTTGGTTGGAGCAGCTACGGGCCGGAAGGAGTCGGTATCTCATGCTCCGTCCAGTGGCACCTGCGCTCGCTCACCAACATCTCTTATGTGTCGTGTCTCTTTATCTTTTGCCTGCTGCTGCCTCTTCTACTCATGGTCTACTCTTATGGCCGAATCTTGATTGCAATCAGGAGGGTGAGTGTGTCTAAGGTGGGTGCAATCAATCTTCTGGCAGCTCAGCGGCAAGAGCAGCATATTTTGGTCATGGTGTTGTCCATGGTGTCTTGCTACCTGCTGTGTTGGATGCCTTATGGCATCACAGCCCTGCTTGCCACCTTCGGTAGGTCGGGATTGGTCACACCATTGGTTAGTGTGGTGCCCTCCATCCTGGCCAAATTCAGCACTGTTGTCAATCCAATCATCTATGTGTTCTTCAACAATCAGGTGAGCACCTGA
Lucifuga_dentata	tmt3a	scaffold260_size359333:43290-90951	-	1227	Complete		4		ATGATCGTTCCCAACCTGAGCCTCAACGGCTGCGCAGGGGTCAACAGCGCTCTTTGTGCCGGAGCCGGGGAAGAGCACCTGGGGGCGGGCTCACCTGGGTCCACGCTCACCCCAACTGGGCACCTGATCGTAGCTACGTGCTTGGGCTTCATCGGGTTTTTCGGACTGGTGAACAATCTGCTCGTGCTCGTGTTGTTCTGCCGGTACAGGATGCTGCGGTCCCCTATTAACTTCCTCCTGATTAACATTTCCATCAGCGACCTGCTGGTGTGCGCACTGGGGACTCCGTTCAGCTTCGCGGCCAGCACGCAGGGAAGATGGCTCATAGGAGAGACCGGGTGCGTGTGGTACGGCTTCGCCAATTCGCTTTTCGGCATCGTCTCGCTGATCTCGCTGGCCATCCTTTCCTATGAGCGTTACAGCACCATACTCGCCCCGACCGAGGCCGACTCCTCCAACTACCGCAAGGTTTCCCTGGGCATCTTCGTGTCCTGGGCCTACTCACTCCTCTGGACCCTGCCGCCCCTCTTTGGCTGGAGCCAGTATGGCCCAGAGGGTCCCGGGACCACCTGCTCCATCAACTGGACGGCCAAGACGGCGAATAATATATCCTATATCATCTGCCTGTTTGTCTTCTGCCTGATCGTGCCATTCCTGGTGATTGTGTTCTGCTATGTGAAGCTGCTGTGTGCCATCAGACAGGTGAGTGGGATCAACGCAGAGATGAGCAGGAAACGTGAGCAGCGCGTGCTCATCATGGTGGTGATTATGGTGGTCTGCTACCTCATATGCTGGCTGCCCTATGGCATCATGGCCCTGCTGGCCACCTTTGGTCCGACAGGTGTGATCACACCTGAGGCTAGCATCATCCCTTCAGTCCTGGCGAAGACAAGCACGGTTATCAACCCAGTCATCTATATCTTCATGAATAAACAGTTTTACAGATATTTCCAAGCACTGCTGCGATGCGAGGCTCCCCGACGAGGCTCCAGCCTTAAGAACTCTTCTAAGGTCCCCACTAAGGTCATCTGGGGCGGAACAGTCACCACTCTCCGCCGTGCCAATGATAACCACCTCCTGCTGATGGTAGCTTCCTTGGGCCAACCAGTCAACACAGTTCCCCAACCGGGCCCCACCTTTGAACCCACTATTGATATCACCAAAGGGCCTTCATCAGACATCCATTTGCCAGTTAGGGTATCATTAGTGGCCCACTTTGATGGCTGA
Lucifuga_dentata	tmt3b	scaffold891_size202792:67772-83169	-	1206	Pseudogene	Stop codon a.a 208 (CGA->TGA)	3		ATGATTGGATCCAACGTCAGTTTGGGATGTGCGCACCGTTCCGAGGGAGGAGTTGGCTGCACGCTGGTGACGGTGACCGACCTGTACGAGCAGGTGTCCAGTTCCCTNGAGGGAGGAGTTGGCTGCACGCTGGTGACGGTGACCGACCTGTACGAGCAGGTGTCCAGTTCCCTCGCTCCTCCGTCCCTGAGCCCGACGGGGCACCTGATGGTGGCGGTGTGCCTCGGCTTCATCGGCACCTTTGGGTTCCTCAGTAACTTCCTGGTGCTCATGCTGTTTTGCCGGTACCGGACTCTGCGAACGCCGATGAACCTCCTGCTGGTGAGCATCTCAACCAGCGAACTGCTGGTGTGCGTGCTGGGGACGCCGTTCAGCTTCGCCGCCAGCACCCAGGGGCTGTGGCTGATCGGGCGCGCTGGCTGCGTTTGGTACGGTTTTGTTAACGCGTGTTTGGGCATCGTCTCCCTGATTTCCCTCGCTGTGCTGTCCTATGAGCGCTACTGCACCATGATGGCGCCCGCTATGGCTGATAATACAATCTATCGTCCGGCACTGGCTGGCATATGCTTCTCCTGGCTCTATTCTTTGGCCTGGACTGTACCCCCACTGCTGGGCTGGAGCTGATATGGGCCCGAGGGTCCCGGTACCACGTGTTCGGTGGACTGGAAAACCCAGACGGCAAATAACATCTCCTACATTGTCTGTCTGTTCACCTTCTGCCTGGTGCTGCCGTTCAGTGTCATCCTCTACTCCTATGGCAAGCTGCTGCAGGCTATAAGACAGGTCAGCAGTGTGAGTTCGGTGGTGACGCGTCGCAGAGAGCAGCGGGTGCTGGTGATGGTGGTCACCATGGTAGCCTGTTATCTGGTCTGCTGGCTGCCCTACGGAGTGGTGGCCCTGCTGTCCACCTTTGGCCCCCCTGACCTCGTGACCCCAGAGGCGAGCATTACGCCCTCGCTGATGGCCAAGTTCTCCACCGTCGTCAACCCTTTTATCTACATATTCATGAACAAACAGGTGAGGATTCTCGTTTTTCTGTTTCGCGTTCTTGTTTGTTTGTTCTTAGCCTGCTGGCTCCTTATCAACGCCTTCAAACACAGACCACACATACAGCTACACACGCCAAGACCCACATCTACACACATGCAAACACACAAGTATAACCCCCTCCCCACACAGCATGAAGCATCTGATATACATCCCTGA
Lucifuga_dentata	va2	scaffold99_size383907_1_273692:153801-169082	-	1164	Complete		5		ATGGATGCTCTGAGTCTTTCAGTGAACGCTGTGTCCTACACAGTGGCAACAGAACTCTCCACACCGGACGACCCATTTAGTGGACCTATCAAGTCCATCGCACCGTGGAACTTCACTATCCTGGCTGTGTTGATGTTCGTGGTGACTTCACTGTCTCTGAGCGAAAATTTCTTCGTCATGTTTGTCACTTTCAAGTTCAAACAACTCAGACAGCCCCTCAATTACATTATAGTGAATTTAGCCATCGCGGACTTTCTTGTCTCCCTCACCGGTGGACTAATAAGTTTCTTAACGAATGCTAGAGGTTACTTCTTCCTTGGGAGGTGGGCTTGCGTCGTGGAGGGGTTTGCGGTTACGTTTTTCGGGATCGTGGCACTTTGGTCCCTGGCTGTTCTGTCCTTCGAGCGGTTCTTTGTGATCTGCCGACCTCTGGGGAACATCCGACTGCGAGCAAAGCATGCCGGCCTGGGTCTCCTGTTTGTCTGGACCTTCTCCTTCATTTGGACCTTCCCTCCAGTGCTGGGTTGGAATAGATACACTGTAAGCAAGATTGGAACCACCTGTGAGCCCGACTGGTATTCGACCAACATCACAGACCACAGCTACATCATCGCTTTCTTCTTCACCTGTTTCATATTGCCACTGGGAGTGATATTCTTCTGCTATGGAAAGCTGCTACGGAAGCTCAGGAAGGTGTCTCATGGCCGTCTGGCTACTGCTAGGAAGCCTGAGAGGCAGGTGACTCGCATGGTGGTGGTGATGATTGTTGCGTTCATGGTGGGCTGGACGCCGTATGCTGCCTTCTCCATATTGGTCACCGCATATCCTACCATTGAAGTTGATGCCACGCTGGCTTCCATACCTGCCTTCTTTTCCAAGACAGCTGCTGTTTACAACCCAATCATCTACGTTTTCATGAACAAACAGTTCCGAAAGTGCCTGATCCAGCTTTTCACCGGCATGGGGACCACACCAGAAGGCAACCTGAACCAGACCTCAGAACGGCCTGGAATAACTGCAGAGTGTCAAACGGGAGAAATGTCTGCCATTGCTGCCCGCATCCCTGTGGGGGGTGCATCATCGCCCAAGCCCGACAATCCAACAGCTGACTGCAGCTCCTTGGCCCCGCTCCCTATCTCAGAGAATAAAGTGTGTCCTATGTAA
Lucifuga_dentata	cryaa	scaffold4629_size38345:10320-12746	-	527	Pseudogene	Frameshift -> Deletion of 4 bases pos 142	3		ATGGATATTAGCATCCAGCGCCCCTGGTTCAGACGCGGCTTGGGCTCGATGTACCCTGCCAGACTCTTCGACCAGTTTTTTGGTGAGGGCATGTTCGACTACGACCTCTTCCCCTACGCGGCCTCCACCATCAGCCCCTATTACAGTCACTGTTCCGCAACTTCCTGGATTCATCCAACTCTGGCATCTCTGAGGTGAGGTCTGACAGGGATAAGTTCACGATCTACCTGGACGTCAAGCATTTCTCTCCCGACGAGCTCAGCGTGAAGGTCATCGACGACTACGTGGAGATCCAGGGCAAGCACGGAGAAAGACAGGATGATCACGGATACATCTCTCGTGAGTTTCATCGCCGCTACCGCCTCCCCTCCAGTGTTGATCAATCAGCAATCAGTTGCTCCTTGTCCACTGATGGTCTGCTGACTCTGACTGGCCCAAAAGTCGCCAGGGGAAGCGAATCTGGCCGTAGCGACCGCAACATCCCCGTTACCCGTGATGACAAGCCCAACGCTGCTGCGTCCTCCTAG
Lucifuga_dentata	cryba1l1	scaffold164_size528394:222057-223550	+	600	Complete		5		ATGCAGCCGCTGGTCAACTCAGGAATGGGCATGGCTCCCTTCTTCAAGGTGACCGTGTTCGAGCAGGAGCACTTCCAGGGAAAATGCCTGGAGTTCACCTCTGAGTGCTGCAATATCCAGGAGTGTGGGCTGGACAACATCCGCTCCATCAGGGTGGAGAGCGGAGCCTGGGTGGGTTTTGAGCACCATGACTTCCAAGGCCAGCAGTTCATCCTGGAGAGAGGAGAGTACCCCCACTGGGACGCCTACAGCGGCTCCCTCTCCTACCACGTGGAGCGTCTCATGTCCTTCCGCCCCATCTACTGTGCCTCCCACCAGAGCAGTCGCATGGTCATCTTCGAGAAGGAGAACTTCATGGGCCGCAGTGTGGAGCTTTGCGATGACTACCCCTCTCTGCAGGGCATGGGCTGGATGATGCCTTATGTGGGCTCCATGCACGTGCAGTGTGGTGCCTTCTTGTGCTACCAGTACCCCGGCTACAGGGGCCAGCAGTACATCAGGGAGTGTGAGAGGCACAGTGGAGACTACCAGCACTGGAGGAACTGGGGCTCCCACTGCCAGACCCCCCAGATCCAGTCCATCAGGCATATCCAGTACTAA
Lucifuga_dentata	cryba2b	scaffold295_size160437:63510-65730	+	591	Complete		4	1:GC--AG	ATGAACACTCAACAGATGGAGCAGATGGGCCAGTTCAAGATCACAGTCTGGGAGGAGGAGAACTTCCAGGGAAAGCGCTGCGAGTTTATGCTGGAGTGCCAGAACATCATGGAGAGGGGCTTCCACAAGATCCGCTCTATGAAGGTTGAGAATGGACTTTGGGTGGGATATGAGTACCCAGAGTTCCAGGGACAGCAGTTTATCCTGGAGAAGGGAGACTACCCTCGCTATGAGGCCTGGAGTGGAAACAGCAGCTACAGAACTGAGCACTTGCTTTCCTTCAGACCCATCAAGTGTGCTAACCACAGCGACAGCAAGGTGACCCTGTATGAGTGCGAGGACTTCCAGGGCCGTAAGTTTGAGATGTGCGATGACTACCCCTCCCTACAGGCCATGGGCTGGTGCAGCAAGGAGGTGCCCTCTATCAAAGTCAACTCAGGAGCCTGGGTGGCTTACCAGTTCCCTGGTTACCGTGGCTACCAATACATCCTGGAGAGAGACAGACACCAAGGAGAGTACAGACACTACAATGAATACAGCACCCAGGCCCACACCAGCCAGGTGCAGTCCATTCGTAGGATCCAGCACTAA
Lucifuga_dentata	cryba4	scaffold2851_size47846:31283-32913	+	591	Complete		5		ATGACTCACCATTGCACCAAGTTCTCCGGCCACTGGAAGATCATTGTCTTTGATGAGGAGTGCTTCCAGGGCCGCCACCATGAGTTCACCTCTGAGTGTTGCAACGTGATGGAGTTTGGCTTTGAGACCGTGTGCTCCCTCAGGGTAGAGAGTGGAGCCTGGGTGGGTTATGAGCACGCCTCTTACCAGGGACAGCAGTTTGTGCTGGAGAGGGGAGAGTATCCCCAGTGCAATGCTTTCGGAGGTAGCAATTCCTATCACATTGAGAGAATGACCTCCTTCAGGCCTATTGCCTGTGCTAACCACAGAGAGTGTCGTATGACTATCTATGAGCGTGAGAACTTCCTGGGCCGTAAGGGTGAATTTAGCGATGACTATCCCTCCCTCCAGGCCATGGGTTGGTGCAACAACAAAGTTGCCTCTCTCAGGATCCAGTCTGGAGCATTTGTGTGCTACCAGTACCCTGGTTATCGTGGATACCAGTATATCATGGAGTGTGATCGTCACTGTGGGGAGTACAAACACTTCAGAGAGTTTGGCTCCCACTGCCAGACCCCTCAGATCCAGTCCATCCGCTGTATTCAGCAATAA
Lucifuga_dentata	crybb1	scaffold2851_size47846:24104-26185	-	696	Pseudogene	Splice site mutation	5	2:TT-AG	ATGTCTCAGACTGCCAAGTCCGCCTCCAGCCAGGGCAGCGATGCCAAGGACAAGGGAGCCCCAGCTCCTGCTGCCTCTAGCAAGGCCACCAAGACTGGCGAGCCCGGCATGGGATCCTACAGAATCATGCTGTTCGACCAGGAGAACTTCCAGGGCAGGATGATGGAGGTCCAGAATGAGTGTATGAACGTGTGTGACCGTGGCATGGATAGAGTGCGTACTATCATTGTGGAGTGTGGCCCTTTTGTTGCCTTTGAGCAGACTAACTTCAGTGGGGAGATGTTCATCCTAGAGAAGGGAGAGTATCCTCGCTGGGATACCTGGAGCAACTCCTACCGCAGTGACTGCCTCATGTCCTTCAGGCCCATCCGCATGGACAGCATGGAGCACAAGATCTGCCTGTATGAGCTCTCCGACTTCAAGGGCAACAAGATGGAGATCCAAGAGGATGATGTGCCCACTCTCTGGGCGCATGGCTTCTGCGACAGAGTGGGCAGCGTGAGGGTGCCAGGAGGAGCTTGGGTGGGTTATCAGTACCCCGGATACAGAGGCTACCAGTACCTGTTTGAGTGCGGTGACTACAGACACTACAATGACTTCTGCGCCTTCCAGCCCCAGATTCAGTCCATGCGTCGCATCAGGGATATGCAGTTCCACGAGAGAGGATGCTTCACTTTCACCTCTGCCAGCAAGTGA
Lucifuga_dentata	crybb1l1	scaffold164_size528394:218900-220074	-	657	Complete		5		ATGTCCAGTGATAAGTCCAAGACTTCTTCCCAGACTGATGGGAAGGCTACTCAGAGCAAGAAGTCTGAGATGGGAATGATGTCCTACAAGATGTACGTGTTTGACCAGGAGAACTTCCAGGGTCGCATGATGGAGATCAGCAATGAGTGCATGAATGTGTGTGAGATGGGCATGGATCGCGTGCGCTCCCTGCGTGTCGAGTGTGGACCCTTCGTGGGTTTTGAGCAGATGAACTTCTGTGGTGAGATGTACATCCTGGAGAAGGGAGAGTATCCTCGCTGGGATTCCTGGAGCAACTGCCAGAGGAATGACTACCTGCTGTCCTTCAGGCCTGTCAGAATGGACCCTGAGAAGCACAAGATCTGCCTGTACGAGGTTGGAGAGTTCAAGGGCCGCAAAATGGAGATTATGGACGATGATGTTCCCAGCATGTTCTCCTATGGCTTCACTGACAGAGTGGGCAGCATCATGGTCAGCTGTGGAACCTGGGTGGGATACCAGTTCCCTGGATACCGTGGCAGCCAGTACCTGCTGGAGAAGGGCGAATACAGGCACTTTAATGAGTATGGTGCCCGCCATCCTCAGTTCCAGTCCGTGAGGCGTATCCGTGACTTGCAGTGGCACCCACAGGGCTGCTACACCATGGCCAGCAAGTGA
Lucifuga_dentata	crybb1l2	scaffold556_size515012_161160_515012:291636-298652	+	663	Complete		5		ATGTCTGCTGGAGGAGAAAAATCTAAGGCTGCTTCCCAGACAGATGGGAAGACGACTCAAAACAAGATGTCTGAGATGGGCATGATGTCTTACAAGATGTATGTGTATGACCAGGAGAACTTCCAGGGTCGTTGCATGGAGATCAATGCCGAGTGTGTGAATGTGTGTGACATGGGAATGGACAAAGTACGCTCCCTACGTGTTGACTGCGGACCCTTTGTTGGCTTTGAGCAGATGAACTTCTGTGATGAGAAGTTTATCTTGGAGAAGGGCGAGTATCCCCGCTGGGACTCCTGGAGCAACTGCCAGAAGAATGACTACCTGCTGTCCTTCAGGCCTGTCCGCATGGATCCTGAGAAACATAAGATCTGCTTGTATGAGGTTGGAGAGTTCAAGGGTCGTAAGATGGAGATCATGGATGATGATGTCCCCAGCCTGTTTGCCTATGGCTTCACAGACAGAGTGGGCAGCATCATGGTGAACGGTGGAACTTGGGTGGGTTACCAGTTCCCTGGCTACCGTGGCAGCCAGTACCTGCTGGAGAAGGGTGAATACAGACATTTCAACCAGTATGGCGCCCGCTGCCCCCAGATGCAGTCTATCAGGCGTATCCGTGCCATGCAGTGGCATCCGCATGGCTGCTACACCATGTCCTCCAAGTGA
Lucifuga_dentata	crybb1l3	scaffold1438_size89812:67487-69034	-	630	Complete		5		ATGTCTCACTCAGGTGCTCAAGGCAGCATTGGCAGCCACCCTGCCATGGGGCTGCGTAATTCCAAGATATACCTGTATGAATATGAGAACTTCCAGGGACGTAGGATGGAGCTGTTCGCAGAATGTCGTAACTTGTGTGAGAAGGGTTTTGACAAGATTGGCTCCATTAGGGTAGAGTGTGGACCCTGGGTGGGTTATGAGCAGCAGAACTTGTCTGGTGAGATGTTCATGCTGGAGAAGGGAGAGTACCCCCGCTGGGACACCTGGTCCAACAGCTACAGGTGTGACCGCCTAATGTCAGTCAGGCCCGTCCGCATGGACTCCCAAGACCACAAGATTTGCCTTTATGAAGGTCCAAACTTTGAGGGTCGTAAAATGGAGGTGTGCGATGAGGATATTCCAAGCCTGTGGTCTTATGGTTTCCAGGACCGTGTCGCTAGCATTCAGGTCACTGGTGGAACCTGGGTGGGTTACCAGTACCCTGGCTACCGTGGCTATCAGTATGTGTTTGAGATGGGCCCTTATAAGCACTGGAATGAGTGGGGTTCCCACCATCCACAGATCCAGTCCATCCGCAGGGTGAGAGACATGCAGACACATCGCAGGGGCTGCTTCGAGATGACCGCGTAG
Lucifuga_dentata	crybgx	scaffold1450_size85895:711-5040	+	624	Pseudogene	Stop codon a.a 143 (CAG->TAG) + Splice site mutation	6	2:GT--AA	ATGAACATCTTTACTAAAGTCCCAGGATTAGCCCAACAAACCAGCAAGCTGGGGTCTGTGCTCCAGCGTGCCTTCTACGGGTCCAGTGGGAGGGTGACCCTTTTCGAGCAGCGGAACTTCGCAGGCAGACGGCTCGACCTGAGTTCTGACTGCGCCAGACTCAGTGACAAGAACTTCCCCAACAGATGCAACTCTGTGCAGGTGGAGAGCGAAGGATGGGTAGGTTATGAGCATGAGAACTTCCGGGGCCGTCAGTACCTGTGGGACATGTCCGACAGAGGAGAGTACAACTGCTGTGACAAGTGGTGCACTCAGGTGGACCACATCTCCTCTGTCCGTGCTGTCAAACAGGACAACAACCCACCCAGAGATCAGCTGTTTGAGAGAGCCGGCTTCTCTGGTAAGAAGATGGAGATCTAGGATGATATTCCCAACCTGATGAGCCGCTATAGCCTCAACAGAGCTGCCTCCATCCGTGTCCTTGGAGGAGCGTGGGTTGTGTATCAGGAGCCAAACTTCAGAGGGCCTCGTTACGTCCTGGAGAAGCACGACTACAACAACTTCTCCGACTGGGGAAGCCAGAGTGGCACCGTGGGCTCCATACGCAGAGTCCGTTTCAACTAA
Lucifuga_dentata	crygn2	scaffold3337_size129764_1_37839:12538-14964	+	552	Pseudogene	Splice site mutation	5	3:GT--GG	ATGTCCCAGTACTCTGGAAAGATCACCTTCTACGAGGGGAAATGTTTCACAGGCAGGAAGCTGGAGGTCAGAGGTGACTGTGATAACTTCCAGGACTGCGGCTTCATGAACAGGGTGAACTCTATCCGTGTGGAGAGCGGAGCCTGGATCTGCTACGACCATCCAGACTTTAAGGGGCAGCAGTACATCCTGGAGCACGGAGAATACCCAGAATTCCAGAGGTGGAACTCCCACAATGACCACATGGGATCCTGTAAACCCATCCGCATGCACGGAGAGCATTACCGCATCGAGCTGTTTGAAGCCTGTAACTTCTCCGGTCAGTGTGTGGAGCTGTGTGACGACTGTCCCTTCCTGCAGAGCCGCGGCTTCTCCAAGAACTGCATCAACTCCGTCAAAGTCTACGGAGACGGAGCCTGGGTGATGTACGAGGAGCCAAACTTCCGTGGTTGTATGTACATCGTGGAGCGAGGAGATTACTGCAGCCATAACGAGTGGCAGGCCCAGAACCCCAACATCCAGTCCATCCGCAGGGTCGCCAACTACTTCTAA
Lucifuga_dentata	rpe65a	scaffold2257_size62727:142-3517 [First part of the CDS found on the scaffold scaffold557_size177225]	+	1596	Complete		14		ATGGTCAGCCGATTTGAACACCCAGCTGGTGGCTACAAGAAGATTTTTGAGACATGTGAAGAGCTGGCTGAGCCACTTCCTGCAACAGTCACAGGTAGGGTCCCTTCTTTCCTGAGAGGCAGTCTTCTCCGTTTGGGTCCTGGCCTTTTTGAGGTTGGAGATGAACCCTTCTATCACTTGTTTGATGGTCAGGCCCTCATGCACAAATTTGACTTCAAGAATGGCCAGGTCACCTACTTTCGAAAGTTTGTCAAAACAGATGCGTATGTGAGAGCCATCACTGAGAAGCGCGTGGTGATCACTGAGTTTGGCACCTGTGCATACCCTGATCCCTGCAAAAATATTTTCTCCAGGTTTTTTTCTTACTTCAAGGGTGTTGAGATTACAGACAACTGTCTGGTGAACGTTTATCCTGTTGGTGAGGATTATTATGCGGTGACAGAAACCAACTACATCACTAAAGTAAACCCTGATACCTTGGAAACATTGAAAAAGGTTGATATGTGTAACTTTATCAACATCAATGGTGTGACAGCCCACCCCCACATTGAGAGAGATGGTACTGTATACAACATTGGAAACTGCATGGGAAAAGGAGCAACGCTGGCCTACAACATTGTCAGGATTCCACCCACACAGAAAGATAAGTCCGATCCCATTGAGAAATCCAAGGTGGTGGTGCAATTCCCCAGTGCCGAGAGGTTCAAGCCCGCCTATGTGCACAGCTTTGGCATGTCGGAAAACTACTTTGTCTTCGTGGAGACTCCGGTGAAAATCAACCTGCTGAAATTCTTGAGTGCCTGGAGCATCCGAGGCTCCAACTACATGGACTGCTTTGAGTCCAATGAGAGCCAAGGAACATTGTTCCACATTGCCAGGAAAGACCCAGGAGAGTACATCGATCACAAGTTCAAAAGTGCAGCCATTGGCTTGTTTCATCACATCAACACTTATGAAGACCAAGGCTTCATTGTTGTTGACCTGTGTGCATGGAAAGGTTTTGAGTTTGTTTACAACTACCTCTGGCTGGCCAACCTGCGATCCAACTGGGAAGAGGTGAAGAAGGCTGCCATGATAGCACCCCAGCCAGAGGTGCGCAGATACGTTATTCCCTTGGATATCCACAAGGAAGAGCAGGGGAAGAACCTGATCAGTCTGCCATACACCACAGCTACAGCAGTGATGCACGCTGATGGGACCATCTGGCTGGAGCCTGAGGTGTTATTCTCTGGACCTCGCCAAGCCTTTGAGTTCCCTCAGATCAATTATGAGAAGTTTGCTGGGAAGAATTACACATATGCTTATGGCCTGGGTCTCAACCATTTCATCCCAGACAGGATTGTCAAGTTAAATGTGAAGACCAAGGAGACGTGGGTTTGGCAAGAGCCAGATGCCTACCCCTCAGAGCCCCTGTTTGTACAGACTCCTGACGGAGAAGATGAGGATGATGGAGTGCTACTCACCATTGTGGTGGCTCCTGGTTCTCATAGACCAGGATACCTCCTCATCCTCAATGCAAAGGATCTGTCTGAGATTGCCAGGGCGGAAGTGGAGTGCATCATTCCTGTCACCTTTCATGGGATGTACAAACCTTAA
Lucifuga_dentata	rpe65b	scaffold2783_size81319:42493-49918	+	1605	Complete		14	5:GC--AG	ATGGTCAGCCACGTGGAGCATCCTGCTGCAGGCTACAGGAAGATCTTTGAATCGGTGGAGGAGCTGAATGAACCAGTACCTGCTGAAATTAAAGGTGTTATACCATCATGGCTGGGTGGCAGTCTTCTCAGGATGGGTCCAGGCCTTTTCGAGATTGGGGATGAACCATTCTACCACCTGTTTGACGGACAGGCTCTCATACACAAATTTGACCTGAAGGATGGTCGTGTGACCTACTACAGGAAGTTTATGAGGACGGATGCGTATGTTCGTGCCATGACAGAGAACAGAGTGGTCATCACTGAGTTTGGCACCACAGCGTATCCTGACCCCTGCAAAAACATCTTCTCCAGATTCTTCACTTATTTCAGAGGCATTGAAGTCACTGATAACTGCTCAGTGAATGTCTATCCAATCGGTGAAGACTTCTATGCTGTCACCGAGACCAATTACATCACCAAGGTTGATCCTGAGTCGCTGGAGACCTTAAAGAAGGTGGACCTGTGTAAGTACATCTCAGTTAACGGGGTGACTGCCCACCCCCACTGTGATGCGGATGGCACAGTCTATAACATTGGCAACTGCTTTGGAAAGAACATGAGTCTGGCCTATAATATAATCAAGATTCCACCTGCACAGGAAGATAATTCGGACCCCATAGAGAAATCTCAGATCCTGGTTCAGCTGCCCAGCAATGAGAGGTTAAAACCCTCCTACCTACACAGTTTTGGTATGACAGAGAATTACTTTGTGTTCGTGGAGCAGCCGGTGAAGATCAACCTGCTCAAGTTCCTGACATCCTGGAGCATCCAAGGAGCCAACTACATGGACTGCTTCGAATCCAACGACACCGTGGGGACATGGTTCCACCTGGCCAGGAAGGATCCAGCAAACTATATGAGCAGCCACAAATTCCGGACGTCTGCCTTCAACCTCTTTCACCATATCAACACGTATGAAGAGCAGGGATTCATCATCGTTGACTTGTGCACGTGGAAAGGCCATGAATTTGTGTATAATTATCTGTACCTGGCCAACATCAAGCAGGAGTGGGAGGAGGTGAAGAAAGCAGCGATGAGAGCTCCTCAGCCTGAGGTCAGAAGATACGTGCTGCCGCTGGATATACACAGGGAAGAGCAGGGGAAGAACTTGGTATCTCTGCCCTACACCACCGCAACTGCTGTTCTCCTTCGTGACGGAACCATCTGGCTAGAACCTGAAGTCCTCTTCTCCGGACCCAGACAAGCCTTTGAGTTTCCACAGATTAACTACGCTCGCTGCTGTGGGAAGAAATATTCCTTCGCTTACGGCCTGGGACTCAATCATTTCATCCCTGACAGGATCGTCAAGCTGAACGTGCAGACCAAACAGACGTGGGTGTGGCAGGAGGAGGAGTGTTACCCTTCAGAGCCGCTGTTCGTACCAAGACCTGGAGCTGCTGAGGAGGACGATGGTGTGTTGCTGAGTATCGTGGTGAAGCCGGGAGCAGACAGACCGGGCCGCCTGCTGGTTCTGGATGCCAGAGAACTGAAAGAGTTAGCCAGGGCTGAAGTCAACACCATCATCCCTGTCACCCTGCACGGCACGTACAAGCCCAGACCCTGA
Lucifuga_dentata	arr3a	scaffold620_size335237_213199_335237:22915-19863	-	1062	Complete[Last exon impossible to find with exonerate, 5bp long on the zebrafish gene and could be pretty localized in many places (pattern of AG-XXTGA found in many places		14		ATGGCTGAAGTTTTCAAGAAGACCAGCAAAAATGGTGCACTGACCCTCTACCTGGGGAGGAGAGACTATGTAGACCATGGGCAGAAAGTGGACGTTGTTGATGGCGTTGTGAAGCTGGACTCAACGGATTTTGGAGACAGAAAAGTGTTTGTGCAGCTGGCGTGTGCCTTCCGTTATGGTAGTGAGGAGCTGGATGTGATGGGCCTGTTGTTCAGGAAGAATATCTGGATCGAATACATCCAGATCCACCCTGCAGACCACAAGCCCACTCTGAGCGCCATGCATGACACCCTGATGAAGAAGGCTGGCGACAACGCGTACCCTTTCACTTTTGAAATTCCCAACAACCTGCCATGCTCGGTCTCTCTGCAGCCTGGACCTAATGATAAGGGGAAGGCCTGTGGAGTCGACTTTGAGGTCAAGACCTACCTCGCAATGGAAAAGTGCAATCCTGATGAGAAGATTGAAAAGAAGAACACTGCTCGCCTAATCATTCGTAAAATCCAGTACGCTCCTTCTGAAGTTGGGCCAGGACCCAAGGCTGAGATCTGCAAAGGCTTCATGATGTCTGACAAGCCTGTTCATCTAGAAGCTTCCGTGGATAAAGATCTTTTCCTCCATGGTGAATCAATCCCAATCAAAGTCAAAGTCAGGAATGAGACCAACAAAACAATCTCAAAAATCAGCATCTCTGTGGATCAAACCACATCCATTGTCCTCTACACAGCCGACAAATACACCAAGGCTATTCTTACTAAAGAGTTTGCAGAGACAATTGAGCCCAGTGGCTCCTTTGATAAAACTCTGACTATCACCCCTCTGCTGAGTGAAAACAAGGAAAAAAGGGGATTGGCTCTGGATGGACACCTGAAAGACGCAGACACTAACCTGGCGTCCACCACAAGGCTGAGTAAGGGCATTGAAAAAGAAATCTTGGGAATCCTTGTTTCCTACAAGATTAAGATTAACCTCATGGTGGGCGGAGGAGGCCTGCTGGGTGGTCTGACTTCCAGTGATGTAACAGTGGAACTCCCGCTGATGCTCATGCATCCTAAACCTGAA
Lucifuga_dentata	saga	scaffold2508_size75777:58873-73659	-	1197	Complete		15		ATGAGCTCAAAGAGCATCGTTTTCAAGAAGATTTGCAAGGACAAATCGGTTGGCGTTTACATGGGGAAGAGGGACTTTGTGGACCACGTGGATTCTGTGGATCCAGTGGATGGCGTCATCCTGGTTGACCATCAGGCTCTGGAGGGGAGGAAAGTGTTCGTCACCCTGTCCTGCACCTTTCGTTACGGCAGAGATGACATGGACGTGATCGGAATGTCTTTTCGGCGGGAGCTGTATGTGTCCACCCGCCAGGTATATCCGCCCCTGTTGGACCGGGAGAAGGGAATCCACACGAGGACGCAGGCCAAACTGCTGCACAAGCTGGGAGACAACGCTTACCCCTTCTTCTTTGAGTTTCCTGACAACCTGCCTTGCTCAGTGGCTCTGCAGCCATCACCCAACGATGTCGGCAAGCACTGTGCGGTGGAGTTTGAGATCAGAGCTTTCAGCGCTGAGAGTCAGGATGCTAAAGTCCGTAATCGGAGCTCAGTGAAGCTGATGATCCGGAAGGTCCAGTACGCTCCAGACAGCGAGGGAATGGCGCCCTCCGTTGAAACCACGAGGGATTTTGTCATGTCAGACAAACCTCTGCACGTGAAGGCCAGCCTGGAGAAAGAGATTTATTATCACGGCGAGTCCATCAAAGTGCACGTCAGCGTCACAAACAGCTCCAGCAAAAGCATCAAGAATATCATCCTCTCTGTTGATCAGGTAGCCAATGTGGTGGTGTACTCCAACGACAGCTACGTCAAATCTGTGGCCATCGAGGATTCTGGCGATTCCGTTTCTGCCGGAGCGACCCTGCAGAAGGTCTACATGCTGCTTCCTGTGTTGGCCAACAACAGGGAGCGGCGAGGCATCGTGCTGGACGGCAGGCTGAAGCACGAAGACACCAACCTGGCTTCATCCAGCATCATAAAGGATGGGGTGCTGAAGGAGGTTTTGGGAATCATGGTTTCATACAAAATCGTGGTGAAGCTCATCGTTGGAGGGATGATGGGGTCGAGTGAGGTCAGCCTGGAAGTTCCCTTCAAACTGATGCATCCTAAACCTGAAGCAGTCAAGGAGAGCGAGGCGGAGGAGGAGATGGTGTTCCAGGAGTTTAAGCGCTCCTACCTGAAGGGGATGATGGGAGACGATGAAGAGGAGGACGGCAACGTGTCCGGCGGCGAGGACATGGCACCGAAAGAGAAGTAG
Lucifuga_dentata	sagb	scaffold3074_size82670_1_37523:16455-21327	+	558	Complete		7		ATGAGTCCCAAACATGTCGTCTTTAAGAAAGTCTCCAGGGACAAGTCGGTGTCCGTTTACATGGCAAAGAGGGACTTCGTGGATCACTGTGACTTCGTGGATCCAGTCAATGGGGTTGTATTGATCGACCCGGTGCAGTTGAAAGGAAAAAAAGTGTACGTGATCCTGTCATGTACTTTCCGGTATGGTCGTGAGGACATGGATGTGATGGGCGTGGCCTTCAAGCGGGACATCTTCCTGGTGACCCGTCAGGTTTTCCCTGAGATGCAGGATAAAGAGAAGCTGACACACACCAGGATCCAGGAGAAGCTGCTCCGCAAGCTGGGGCACAACGCCTTCCCCTTCTTCTTTGAGTTTCCAGATAACCTGCCGTGTTCCGTCACCATGCAGCCCGGACCATCTGACGAGGGGAAGAAATGTGCGGAGAAGTTTGAAGTAAAAGTTTTCTGTGCTGAGAATCATGATGACAAGATCAACAAACATTTGTACGTTGATTTCCCCCATCCTCATCAGTTTGTTTCAGTTCATTTCTCTGTAAATCCACTTTCAGAGACGTAA
Lucifuga_dentata	gcap1	scaffold104_size348631:260427-263081	-	570	Complete		4		ATGGGTAACTCTACTGGATGCACCGTGGATGATCTGCAGGCAGTGGAAATGCACCTCTGGTACAAGAAGTTCATGACCGAGTGTCCGTCAGGTCAGCTCACCCTGCATGAGTTCAAGCAGTTTTTCGGGCTGCGAGGGCTGGACCCAGAAGCCAGCGCCTACATAGAGCAGATGTTCCGCACTTTTGACATGAACAAGGATGGCTACATAGACTTCATGGAATATGTAGCTGCCCTGAGCCTGGTGATGAGGGGGAAGATGGAGCATAAGCTACGCTGGTATTTTAAACTTTATGATGTGGACGGCAATGGCTGCATCGACCGACATGAGCTCCTCAACATCATAAAGGCCATTCGCGCAATCAATGGGCAAGAAAGTCATGAGTCAACCCCTGAGGAATTCACCAACCGTGTGTTTGACAGAATTGATATAAATGGAGATGGGGAGCTTTCCTTGGAGGAATTTGTGGCCGGTGCACGCACTGACGAAGATTTCATGAAGGTTATGGTGAAAAGTCTGGACCTTTCCCACATCATGGCCATGATCCACGACCGGAGGCGCAGCTTCTGA
Lucifuga_dentata	gcap2	scaffold175_size365466:118183-119361	-	594	Pseudogene	Splice site mutation	4	1:AT--AG	ATGGGTCAGCGCCTAAGTGAAGATAGTGACCAAGACAAAGAAATTGATGTGGCAGAGCTTCAGGAATGGTACAAAAAATTTGTTGTGGAATGTCCAAGTGGAACTCTCTTCATGCACGAGTTCAAGAGCTTTTTTGGTGTCACTCAGAACCAGGCGGCTGCAGATTACATTGAAAACATGTTTCGGGCTTTTGACAAGAATGGAGACAACACAATTGATTTTCTAGAGTATGTGGCAGCCTTGAATTTAGTCCTGAGGGGTAAATTAGAGCACAAGCTCAAATGGACATTCAAAATGTATGACAAAGATGGAAGTGGATGCATTGACAAGACAGAGCTTCTTGAGATTGTGGAGTCTATTTATCGACTGAAAAAAGCCTGCCATGGAGAGCTGGATGAAGAATGCAATCTGATGACCCCAGACCAAGTGGTTGACCGGATATTTGAGCTGGTGGATGAAAATGGAGATGGGGAGCTCTCACTGGATGAGTTTATTGATGGAGCAAGACGGGACAAATGGGTGATGAAGATGCTTCAGATGGATGTCAACCCTGGGGAGTGGCTCATCGAGCGAAGACGCAGCGATGGTTTCTGA
Lucifuga_dentata	gcap3	scaffold2615_size46052:42577-45528	-	570	Complete		4		ATGGGCGCTTACAGTTCCAACCTGGACGATATCCTGGAGCAGGACATGCACCACTGGTACACCAAGTTCATGAAGAAGTCTCCCTCAGGGCTCATCACGCTGTTTGAGCTGAAGACGATGCTTGAAATGAACGGTATGACAGAGGAAGCCAGCAGCTACGTGGACCAGGTCTTCTTCACCTTTGACATGGATGGGGATGGCTACATAGACTTTGTTGAATACATTGCAGCAATCAGTTTACTGCTGAGAGGAGAAATTAACCAGAAGCTGAAGTGGTACTTCAAGCTCTTTGATCAAGACGGAAACGGGAAAATTGACAAGGATGAACTGCAGACGATATTTAAGGCTATTCAAGATATCACCAGGATTTGTGACGTTCCTACTGAGGAGATAGTGACTCTTATATACGAGAAGATCGATGTCAACAGAGAGGGTGAGCTGACGCTGGAGGAGTTCATCAGCGGAGCGAAGGAGCATCCCGACATCATGGAGATGCTCACAAAGATGATGGATCTCACTCACGTCCTAGAAATCATCATCAAAGGTCAACGACAGAACTCTATCAGTTGA
Lucifuga_dentata	gcap4	scaffold1938_size60309:7501-10791	+	555	Complete		4		ATGGGGAATCACGGCTCAAACCTGGACGACATCCTGGCTGAGGACATGCATCACTGGTACAACAAGTTCATGCGCGAGTCGCCGTCGGGTCTGATCACGCTGTTTGAGCTGAAGGCCATCCTGGGCCTGAGGGGGATGAACGAGAACGCCAACAGCTACGTGGACCAGGTCTTCTTCACCTTCGATATGGACGGGGATGGCTACATAGACTTTGTGGAATACATCGCAGCCGTCAGCCTGATGCTGAAAGGAGAAATCAACCAGAAACTAAAGTGGTACTTCAAACTGTTCAACCAGGACGGAAACGGAAAGATCGACAAAGAGGAACTGGAGACCATCTTCTCGGCCATCCAGGACATCACGCGGAACCGCAACATCGACCCCGAAGAGATCGTCTCGCTCATATTCGAGAGAATCGACATGAAAGGAGAAGGTGAAATGACCCTGGAGGAGTTCATCGAGGGAGCAAAGCATCACGACGACATCATGGACATGCTGAAGAACCTGATGGATCTGACGCCGGTCTTAGTCATCATAGTGGAGGGCCGACAGTAG
Lucifuga_dentata	gcap5	scaffold18_size314229:224884-227765	-	570	Complete		4		ATGGGAAACTGTAATGGAGTGACTGTGGAGGAACTTGAAGCTTGTGAGAGTCATCAGTGGTACAGGAAATTTATGACTGAGTGCCCATCTGGACTTCTCACCTTCTACAAATTCAAGAAGTTCTTTGGCCTGAAAAATCTGTCGGAGTCGTCAAATGCCTATGTGTATACTATGTTTACAACATTTGATATGAACGACGATGGTTTTATTGATTTCATGGAGTATGTAGCTGCTCTGAGCCTGGTTCTGAAGGGAGGAGTGCAGAAGAAGCTTCGCTGGTACTTTAAACTTTATGATATTGATGGAAGTGGCTGCATTGACCGTGATGAACTGCTTCTGATAATCAAGTCCATCCGTGCAATCAATGGAGCTCCTCAAGAGATGTCAGCAGAGGAGTTTGCCAACATGGTGTTTGACAGGATTGACATCAATGGAGATGGTGAGCTGTCCTATGAGGAGTTTATGGAGAGGATTCAGAAAGATGAAATGCTGCTGAAGATGCTAACTAAGAGTTTGGACCTCACGCTTATTGTCCAGAAAATTCAAGGAGAGGTGATGGGCAAAATCTGA
Lucifuga_dentata	gcap7	scaffold112_size364133_1_89176:11504-14060	+	579	Complete		4		ATGGGTCAATCACAGAGTTGCACAGATAAGGAAGTGACTCTTAAGAACATCCAGGAACTCTACCGAAAGTTTGCAAGTGAATGTCTAAGCGGCAATCTACATTTACACGAATTTAAGAAAATCTTTGGAGTTACCAGCAGCTCCACTGCAGAAGAGTCTATGTATATGGAAAATGTATTCCAGTCCTTTGATACAAATAAGGATGGAAAAATAGACTTCATGGAGTATGTGGCAGCAGTACATCTCATTCTTCATGGGAAATTGGAGGACAAACTGAAATGGTCTTTTAAAGTTTATGACAGGGATGGAAATGGCTGTCTGGATAGACAGGAAGTGAAACACATTGTCAAAATCATCTACAAGATAAAGAACCACAACAGCCCAGGTGTCACACATAATATTAATGACATCTGTGGGAGAATATTTGAACTGGTGGACAAGAATAAAGACAGTCAGATTTCTTTGGAGGAATTTATTGAGGGGGCTGAAAAAGACCCCTGGGTTATGGAGCAGCTCAAGCTGGACATTGGACCATGTGATTGGTTCCTTCAACAGCAAGAGCAAGACAAGAAATCTTGA
Lucifuga_dentata	grk1a	scaffold127_size264533:220073-226596	+	1689	Complete		7		ATGGATATTGGTGGCTTGACAACAGTGGTGGCTAACTCTGCCTACATCTCAGCCCGTGAGAGCTTTGATGGCACTGCCAACCCGGCAGCTAACCGAGACAAGAAGTACCATTCCCGCCTCAAACTGCCACACATCACAGTATCTGAGGGCCTGAGGGAAACTTTAGATCTGGGCTTCCAGACAGTCTGTGTGGAGCAACCCATTGGAAAGCGTCTCTTCCAAGAGTTTCTAGAATCCAACAATGAGTATAAGGGTCCCTGTCGGCTGTGGAAGGATATTGAGGAATACAACATGGCTGAAGATGAGGATCGTGTTCAGAAAGCAAGCAAGATCATGGTACGGTACATGGAGCCTGGCGCCAAGTATTTTTGCCCCTTTCTGCCTGAAAATGGTATCACAAAGGTGAAGGAGAAACATCAAGAGGCTGGAGATTGTCTTTTCAATGAGATCCTGGACAATGTGATAGACTTTCTCAAGGAAGTGCCCTATACCTTCTTCCTGGAGAGTATGTACCTCAAAAGGTTTCTGCAGTGGAAGTGGCTTGAGATGCAGCCGATGGGAGAGGATTGGTTCTTGGATTTTCGTGTATTAGGGAAAGGGGGTTTTGGAGAAGTATCTGCCTGTCAGATGAAGGCCACAGGAAAACTGTATGCCTGTAAAAAGCTCAACAAGAAGAGGCTGAAGAAGAGAAAAGGTTATGAGGGGTCGATGGTGGAGAAGAGGATTCTGGCACGAGTTCACAGCAGGTTCATTGTTTCATTGGCTTATGCCTTCCAGACTAAAACAGAGCTCTGTCTGGTCATGACCATCATGAATGGAGGAGACCTCAGGTATCACATCTATAATGTGGATGAGAACAATCCAGGTTTTGAAGAATCCCAGGCCTGTTACTATGCAGCTCAGATCATCCAGGGCATGGAGCACCTCCACCAGAAGAGGATTATCTACAGAGACCTCAAACCAGAGAATGTGCTGCTGGATAATCAAGGTAACATCCGTATCTCTGACCTTGGTCTGGCTGTAGAGCTGGCGGATGATCAGTTCAAAATTAAAGGCTATGCTGGGACTCCAGGCTTCATGGCACCAGAGCTGCTGAAAGGCGAGGAGTATGACTACTCTGTGGATTACTTTGCTGTGGGGGTCACTCTGTATGAGTTCATGGCTGCTAAGGGACCATTTAGGACCCGAGGAGAAAAGGTGGAGAACAAAGAGGTGAAGAAGAGGATTCTGAATGATCCAGTGACCTATCCTGAAAAGTTCAGCGAGAAGGCCAGGTCCATCTGTGAGGGTTTGCTGTGTAAAGAGGTGGACAAGAGGCTCGGCTTCAAGAATGGGTCATGTGACGAGATCAGAGGGCTTCCATTCTTCAGCGAGATCAACTGGAGGAAGCTGAATGCAGGGATTCTTCCACCTCCTTTCATGCCAGACTCCAGGACAGTTTACGCCAAGGACATCGATGATGTTGGGGCCTTTTCCACGGTTAAAGGCGTCCAGCTGGAAGACAAGGACATGAATTTCTTTGATGAGTTTGCCTCAGGGAACATCGCCATCCCCTGGCAGGAAGAAATGATTGAGACAGGAATCTATGGTGAGCTCACAGTGTGGGGCCCAAATGGTACCTTACCCAATGACCTGCGCCGTGAATCCATCCTGGAGCAGTCCAAGTCTTCCACTTGCACTGTATCATAA
Lucifuga_dentata	grk1b	scaffold3013_size40156:16149-19253	+	1663	Pseudogene	Frameshift : Deletion of 2 bases AT pos 1088	7		ATGGATATTGGGGGTTTGGAGACAGTGGTAGCAAACTCTGCCTATGTGTCAGCCTGTGGCAGTGTGGATGGAGCCGCAGCAGTGACCATGCGCGACAAAAAGATGCGTGCTCGCCTGAAACTCCCACACATCAGAGACTGTGAGCACATGAAGGCAACTGTAGACACAACCTTTGACAGTATGTGTGTCAAACAGCCAATTGGCAAACGTCTCTTCCAGCAGTTTCTGAATAGTGATGCAACCCATCAGAATGCTGGACAGCTGTGGAAAGACATAGAAGACTACACTGTCTCTAAAGAAAGCGACAGAGTGCAGAAAGCCCAAAAAATAGTCAATAAGTACTACGAGTCAAAATCCAAGTCCTTTTGCAGCTTCCTGGAAGAGAAAGCAGTCTCTCGAGTTAAGGAAGACTACAAGAACGGACGTGGTGAACTGTTTAAAGAGAGCGAGAAGCAGATGTTCAAACACCTGGCGGCCAATGCCCTCAAAAACTTCAAGAACAGCATGTACTTCCTGCGGTATATTCAGTTCAAGTGGTTGGAGAGTCAACCTGTTGATGAGGAATGGTTCTCAGACTTCCGAGTGCTTGGTAAAGGAGGTTTCGGTGAAATGTGCGCTTGTCAGGCAAAGGCAACGGGAAAAATGTATGCCAATAAGAGGCTGAAGAAACGCAAAGGCTATGAGGGAGCAATTGTGGAGAAACGTATCCTTGCAAAAGTTCACAGTCGCTTCATCGTGACGCTGGCTTATGCATTCCAGACCAAAACTGACCTCTGCCTAGTTATGACGATCATGAACGGTGGAGACCTCAGGTTTCATATGTACAATGTGGATGAAAAAAATCCTGGTTTCAATGAGAAGAGGGCATGTTTCTACACAGCTCAGATCGTCTGCGGGCTGGAGCACCTTCACCAGCACAGGATCATCTACAGAGACCTGAAACCAGAGAACGTCCTGCTGGATGATGCAGGACATGTGCGTCTGTCGGATTTGGGTCTCGCTGTTGCACTTCCACCAGGAAAAGACAAAACTAGTGGATATGCAGGAACCCCAGGTTTCATGGCTCCAGAGTTGCTCCAGAAAAAGGAATGACTATACAGTGGACTATTTCACTCTGGGAGTCACTCTGTATGAGATGATTGCAGCCAAAGGGCCTTTTAGAGTTCGAGGAGAACAGGTTGAGAATACTGAAGTGACCCGCAGAATCTTGAACGATCCAGTTACATATACACCCACCTTCAGCAAAGACTGCAAAGGGATTTGTGAAGGCCTGTTGGAGAAGGACCCAGTAAAACGCCTTGGGTTCAAGGATAATGAGTGTGCAGAGCTCAAGAATCACCCATTCTTTAAGGAGATTAACTGGGGCTGCCTGGAAGCAGGAATGATGCCTCCACCATTTGTCCCTGATCCAAGAATGGTCTATGCCAAGGATATCGATGATGTGGGCGCCTTCAGTACAGTAAAGGGTGTCGTCCTGGATGGCAAGGACAATGAGTTCTACAATGACTTTTCTTCCGGCAACATCCCAATCCCATGGCAGGAGGAGATGATCGAGACCGGCATCTTTGGAGAGCTGAATATCTGGGGGGAGAATGGCAAACTGCCCAATGACCTCGACCCAAACTATGTAGAAGCCAAAGGTGGAGGGTGTGTGCTCCTTTGA
Lucifuga_dentata	grk7a	scaffold29_size682772:382111-388068	+	1665	Pseudogene	Stop codon a.a 332 (CGA->TGA)	4		ATGTGTGATATGGGGGGACTGGATAACCTGGTGGCCAACACGGCCTACCTAAAAGCCCAGGGTGGTGATGACAAGGAGATGAAAAAGCGTCGCTGCAGCTTGTCTCTCCCCAGACCTGACCAATGTGCTGTAGTGCGGGCTTCTATTGGAAAGGACTTTGTATCAGTTTGTGAGAGGCAACCAATTGGCAAAAAGTTTTTCCGTGAGTACCTGGCAAGTAACCCTACTTATAAAGTTGCTGCTGACTTTCTGGATGACCTGTACGACTGGGATCTGGCAGAAGGTGCAGCAAAAGACAAAGCACGCCAGAACATCATCAAAAAGTATTGCAAGGCTGACTCTAAGACCTTCCTCTCTTTTCTAACTGGGGAGAGTGCTGACAAATGCAAGGCTGTGACACATACGAATTTTGAGGAAGTGATGAAAGGCAAAGTCCAGGAGAGTACAAGAGAGTTTCTGAAAGGCAAACCCTTCACAGACTATCAGACCAGTCCATTTTTTGATAAATTCCTCCAGTGGAAAGAGTATGAGAGACAACCCATCACTGACAAATACTTCTATGAATTCAGAACTCTGGGAAAGGGAGGCTTTGGAGAGGTATGTGCTGTTCAGGTGAAGAACACAGGCCAGATGTATGCCTGCAAGAAGCTGGATAAAAAGCGACTGAAGAAGAAGGGTGGAGAGAAGATGGCCCTGTTGGAGAAGCAGATCTTGGAAAAGGTTAACAGCCTGTTTCTGGTCAACTTGGCCTATGCGTATGACAGCAAGACCCACCTGTGCCTTGTCATGACCCTAATGAATGGAGGAGACCTGAGGTACCACATTTACAACATGGGATATGATGGCAAGGGTGTGGACAAGGGCATTGAGATGAAGCGTGTCATCCACTACACAGCGCAGATCACCACCGGCATCCTCCATCTGCATGCCATGGATATTGTATACCGTGACATGAAGCCAGAGAATGTGTTGCTGGATAGCAAAGGCCAATGCTGACTTTCAGATTTGGGTCTGGCCAAGGAGATTCTTCCAGGAAAGAGCACTAACCAGATGGCTGGTACTGGAGCATATATGGCTCCTGAGATCCTGAACAAAACGTCATATAGGACATCGGTGGACTGGTGGGCCTTGGGCTGCAGTATCTATGAGATGGTGGCTGGCTATACGCCTTTCAAAGGCCCCGAAAGCAAGAAGGAGAAGGTGGAGAAGGAGGAGGTTCAATGCCGTATTATAAATGAGGAACCCAAATGGGAGCACAGGTGCTTTGATGCTGTCACCAAGGACCTCATCCAGCAGTTCCTCATAAAGAACATGGATGACCGTCTGGGCATGAGGGAGGATCCAAGGAAACACCCGTGGTTCAAGAGCATCAACTTCCCACGTCTGGAGGCTGGGCTGGTGGATCCTCCATGGGTGCCCAAGCCCAATGTTGTCTACGCCAAGGACACTGATGACATCGCTGAATTCTCTGACATCAAGGGCATCGAGCTTGACGCCAACGACGAGAAATTCTTTAAAGAGTTTAGCACAGGTGCTGTGCCTATTGCCTGGCAGCAGGAGATGATTGACACTGCACTGTTTGATGAGCTAAATGATCCCAACAGGAAAGAGTGTGCAGGAGGTTTGGATGATGAAAAGAAATCAGGCACATGTATAGTGCTGTGA
Lucifuga_dentata	grk7b	scaffold330_size363350:255166-258894	-	1635	Complete		4		ATGGGTGATTTGATGGGACTGGACAACCTGGTGGCCAACACAGCCTACCTAAAGGCTCAGCAGATCGATCGCAGTGAGCTAAGGAAACAGGGACACACACTGAAACTGCCCAAAGTACAGAGGTCGTCTACTATCACAGCAGCAGTGGGGAAGGAGTATGAGTCACTTTGTGAGCTACAGCCTATTGGAAGGAAATTGTTCCAACAGTTTCTACGAGCCTCTATCCCTCAGTATGTGGCAGCTGCTGAGTTTCTGGAAGAGCTGAGTGCTTGGAGCCTTACTGAAGCTGAAGCCAGAGACAAGACCAAGCGTAGCATCTTCACTAAGTTCTGTCAAAGTGACTCCGGGAGTTTTCTCTCTTACCTGACTGGAGAGACAGCTGAAAGATGCAAGGCTATGTTAGTTGAAGACTTTGATGAGGTGATGATGGGCAACATAAAAGAAGCCACAACGGGCTTCCTGAAGGGAAAGCCTTTCTCTGAGTACTTGAAAAGCCCCTTCTTTTATAGGTTCTTGCAGTGGAAGGAGTATGAGAAGCAGAAGATCACTGACAAATACTTTTATGAGTTCAGAACACTGGGAAAAGGTGGCTTTGGTGAGGTCTGTGCAGTGCAGGTAAAATACACAGGTCAGATGTATGCCTGCAAGAAGCTGAATAAGAGACAATTGAAGAAGAAAGGTGGTGAGAAGTTGGCACTTCTGGAGAAGCAGATCCTCGAGAAGGTTAACAGTCTCTTCATTGTAAACTTGGCTTATGCTTATGAGAACAAGAACCACCTATGCTTGGTCATGACCCTCAAGAATGGAGGAGACCTGAAGTTTCATATCTATGACCTAGGGGAGAGGGGTATCCGTATGGATCGTATTGTTTACTACACCGCCCAGATAACCACTGGGATCCTCCACCTTCACTCTATGGACATCGTGTACCGTGATATGAAGCCTGAGAACGTGCTGCTGGATGGTCACGGCCCGTGTCAACTGTCAGACCTTGGATTGGCTGTGGAGGTGCCAAAAGGACAAACAGTCAACCAGAGGGCTGGTACACTTGGTTATATGTCTCCTGAGATTCTGGTGCAGGAGAATTACCGCACATCTGTGGACTGGTGGGCTCTGGGTTGCAGCATCTATGAGATGGTGGCTGCCCGTTTACCTTTTAAAGACTTTAAAGAAAAAGTGCTCAATGAGGAGGTGACTCGGCGCACTCTGGAGGAGGACTGCAAGTTTGGACACAAAAATTTTGACGCTCCCACCAAAAACATCATCAGCCTCTTTCTCAGAAAGAGGGTTGAGCTTCGCCTTGGGTGCCGTGATGACGACCCAAGAAAACACAGATTTTTCAAGAGTATCAATTTCCATTGTCTGGAGGCAGGCCTGGCGGAGGTCCCCTGGGTGCCAAAGTTCATTGTGGTCTACGCCAAGGACACAGACAATTTCAGGGATACCTCTGAGACCAAGGATGTTGAGTTTAATTCCAAGGATAGGGAATTCTTCAATGAGTTCAGCACAGGCGCAGTCTCTATGCAGTGGCAACAGGAGATGATAAACAGTGGAGTGTTCAACGAAATGAATGATGCAATGAATGATCACAACCGTGTGGTTGTGTGGAAATCCAGGACATGCATCATTTTGTAA
Lucifuga_dentata	pde6a	scaffold1890_size164758:117517-155911	+	2568	Complete		23		ATGGTGGACGCAGTGACAGCGGAGCAGTTCCTGGATGCCAACCCAGAGTTTGCCAAGCAGTACTACGACGTGAACTTTCGGCCTAAGGTCATCTCAGACCTGCTGGACAACAACCGGGAGACAGCGGTGGACATCAGCAAGTTCCACGAGCTGACGATGGTGGAGGAGAGCGAGATCCTTTTCGACCTGGTGCGAGACATCCAGGACAACCTGCAGATGGAGAAATCCGTCTTCAACCTGATGAGACACCTCAGCTTCATGATGAGGGCCCACCGCATGAGCCTCTTCATGTACCGGCAGAGGAACGGCACTGCAGAGCTCGCAACCAGGTTATTTAATGTCCATAAAGATGCAACGTTTGACGAATGTCTGGTGCCGCCTGACAGTGAGATCGTGTACCCGCTGGACTTGGGCATCGTGGGCCACGTGGCCTCCACCAAGAAGATGATCAATGTCTCAAATGTGCCAGAGAGCCCGTATTACAGCGGCTTTGTGGACGAGCTGACGGAGTTCCAGACCAAGAGCGCCCTCGCTATCCCCATCATGAACGGCAAAGACATGGTGGCCGTCATGATGGCTGTCAACAAGTTGGATGGGCCATGTTTCACTGCAAAGGATGAAGAGACCCTGAATAAGTACCTGAACTTTGCCAACCTGATCCTGAGGGTTTTCCACCTGAGCTACCTGCACAACTGTGAGACTAGGAGGGGGCAGGTGCTGCTGTGGTCGGCCAGCAAGGTGTTTGAAGAGCTGACGGACATTGAAAGGCAGTTCCACAAGGCTTTGTACACTGTCAGAGCTTTCCTCAACTGTGACCGTTACTCTGTGGGCCTGCTGGACATGACTAAGACCAAGGAATTCTTTGACCTGTGGCCAGTTCTGATGGGAGAAGTTCCACCGTACAATGGACCCAAAACTCCTGATGGCAGGGAAATTATCTTCTACAAGGTGATCGACTACATTCTCCACGGCAAAGAGGACATCAAAGTCATACCGAATCCTCCAGAAGATCACTGGGCCCTGGTTAGCGGTTTGCCAACCTACGTAGCAGAAACTGGACTGATCTGTAACATAATGAATGTGGCCGAGGATGAATTTTTTGACTTCCAGAAAGAGCCTCTGGATGAATCAGGATGGACCGTAAAGAACGTTCTGTCTATGCCGATTGTCAACAAGAAAGAGGAGATAGTGGGCGTGGCCACATTCTATAACAGGAAAGATGGGAAACCCTTTGATGAAATGGACGAAACTCTGATGGAGTCTCTGACTCAGTTCCTGGGCTGGTCGGTGCTGAACACCGACACCTACGACAAGATGAACAAGCTGGAGAACAGGAAGGACATCTACCAGGACATGGTGCTCTACCACGTCAAATGCCGCAAGGATGAAATCCAGAACATACTGAATACCAGGGAGAAATGGGGAAAGGAACCATATGAGTGCGAGGAGGAAGAGCTCCAAGAGATTCTGTCAGAGGTTTTGCCTAACTCTAAGAAGAATGAAATCTTCGAGTTTCACTTCTGCGACTTTGAGCACAGCGAACTCAACCTGGTGAAGTGCGGCATCAAAATGTATTATGAGCTGAAAGTGGTGGACAAGTTCCATATTCCCAGAGAGGTCCTGGTGAGGTTCATGTACTCAGTCAGTAAAGGCTACAGGTGCATCACCTACCACAACTGGAGACACGGATTCAACGTTGGACAGACCATGTTCACCCTGCTGATGACAGGTGATCTGAAGTGCTACTACACAGACCTGGAGTGTATGGCCATGGTGACCGCTGGTTTCTGCCACGATATCGACCACAGAGGAACCAACAACCTCTACCAGATGAAATCTGGTAATCCTTTGGCCAAGCTTCACGGCTCTTCCATCTTGGAAAGACACCATCTGGAGTTTGGCAAGACTCTGCTAAGAGATGAAAGCTTAAACATTTATCAGAATCTGAACCGCCGTCAGCATGACATCGTCATCCACCTCATGGACATCGCCATCATCGCCACCGACCTGGCCCTCTACTTCAAAAAGAGGGCGATGTTCCAGAAGATTGTTGACCAGTCCAAGACCTATGAGAACTGGAACGACTGGACCAAATACATGATGCTGGAGACCACGCGCAAAGAGATTGTAATGGCCATGATGATGACGGCCTGTGACCTGTCGGCTATCGCCAAACCGTGGGAGATCCAAAGCAAGGTGGCGCTGTCAGTGGCTGCAGAGTTCTGGGAGCAGGGAGACCTGGAGAGGACAGTCCTGGAACAGCAGCCTATTCCCATGATGGACAGAAACAAGGCGGATGAGTTGCCAAAGCTGCAGTGTGGTTTCATCGACTTTGTCTGCACTTTTGTCTACAAGGAGTTCAGCCATTTCCACGTGGAGATCACCCCCATGCTGGACCGCTTGCTGAACAACAGGAAGGAGTGGAATGCCCTGAAGGAGCAGCACGAAGCCAAATTGGCTGTGATAGAGGAAGCACGGAAAGCCAAGGAAGAGCAAATTCAGAAGGCCGCGGCGGTCAGACAAGCGAGTGCAGCCCAGTCAGAATCAAAGACTTGTGTTATCAGCTAG
Lucifuga_dentata	pde6b	scaffold710_size504939_132430_504939:206756-217130	-	2565	Complete		23		ATGGGTGTACAGAAGGAAGATGTAGAGAAGTTCCTCAAGGCAAACCCTGCATTTGCTAAAGAGTATTTTGCCAAGAAGCTGAACACAGACTCTATATCGAAGGCAGCAGGACTCCCACAGAAACAGATTGACTTCAGCCAGTTCCAGGAGCTCAGCCAGGTTGAAGAAAGTCAAATCATGTACGATTTGATCAAAGACATGCAGGAGAACATCAACATGGAGAAAGTTGTCTTCAAGATCCTGAAGAGAATCAGTGCGTTGATCCATGCGGATCGGTGCAGCCTGTTCATGTACCGGCAGAGGAACGGTGTTGGAGAGCTCGCCACCAGGCTCTTCAACGTCAACACCAAGTCACAGATGGAGGACTGTGTGGTATCGCCAGACTCCGAGATCGTCTACCCGCTGGACATGGGAATAGTTGGCCACGTGGCCCAGACCAAGAAGACCGTTAACGTGAAAGATGTTACAGAGAACCAATACTTCAGCTCATTCGTGGATGATCTCACAGAGTACAAGACACAGAACATTCTGGCAACGCCGATCCTCAATGGCAAAGACATGGTGGCTGTTATCATGGCCCTCAACAAGACCACCGGGCCCTTTTTCACTGCCGAGGATGAAGATCTTTTCTTAAAGTATCTCAAAATTGCCACTTTGAACTTGAAGATGTACCACCTGAGTTACCTGCACAACTGTGAGACACGCAAAGGACAGCTGCTGCTGTGGTCTGCCAACAAGGTGTTTGAAGAGCTGACGGACATTGAGCGACAGTTTCACAAAGCCTTGTACACAGTCCGAGCCTACCTCAACTGTGATCGCTACTCTGTTGGCTTGTTAGACATGACAAAAGAGAAGGAGTTCTTTGATGTTTGGCCAGTGCTGATGGGAGAGCAGCCGCCATATTCTGGCCCCATAACCCCTGATGGAAGGGAGATAAACTTCTACAAAGTGATTGATTATATATTACATGGGAAAGAAGACATTAAAGTAATACCAAATCCGCCTGCTCATCATTGGGCCCTGAGTAGCGGCCTGCCTACTTATGTTGCTGAAAGCGGTTTTATTTGTAACATTATGAATGCGGCTGCAGATGAGACGTTCGAATTTCAGAGCGAACCACTTGACAACAGTGGTTGGACCATAAAAAACGTTCTCTCGCTGCCAATTGTGAACAAGAAGGAAGAGATAGTGGGTGTGGCCACCTTCTACAACAGAAAAGATGGAAAGCCCTTTGATGAGCAGGATGAACAGCTCATGGAGGCGCTGACTCAGTTCTTGGGCTGGTCAGCTTTGAACACGGACACTTACGACAAGATGAACAAGCTGGAGAATCGGAAGGACATTGCTCAGGACATGGTGCTGTACCACGTTAAATGTCGTGATGATGAGATTCAGAACATCCTGAACACCAGAGAGGTCTATGACTGTGAGCCCAGAGACTGCGAAGAGGAGGAGCTCCAGCAAATCCTGAAAAAGGACCTACCATCCCTGGTTAAGAAGTTTGAGCTCTATGAATTCCGCTTTTCGGATTTTAACTGTACAGAGATGGAGCTGATCAAGTGTGGTATCCAGATGTATTATGAGGTTGGGGTGGTCAAGAAGTTCCAAATCCCTCAAGAGGTGCTGGTTCGTTTCATGTACTCAGTCAGTAAAGGCTACAGGAGAATCACCTACCACAACTGGCGCCATGGCTTCAATGTGGGACAGACCATGTTTACACTGTTAACGACGGGCACACTAAAGCGATACTACACCGACCTAGAGGTAATGGCCATGATAACTGCAGGTTTCCTCCATGATATTGACCATAGGGGGACCAACAACTTGTACCAGGTCAAATCAGGTAACCCTCTGGCCAAGTTGCATGGCTCCTCCATCTTGGAACAGCATCATCTAGAGTTTGGAAAATTCCTCTTGTCTGATGAGTCGCTGAATATCTACCAGAACCTTAACAGGAGGCAGGTAGATCATGTGATTCATCTCATGGATATTGCCATCATCGCCACTGACTTGGCTCTTTACTTCAAGAAGAGAACCATGTTCCAGAAGATTGTGGACCTTTCACACACTTATGAAGATGAGAAGAAGTGGGTTGATTTCTTGTCTCTAGAAACTACAAGAAAAGAGATTGTCATGGCAGTGATGATGACTGCATGTGACTTGTCAGCTATCACCAAGCCTTGGGAAGTGCAGAGCAAGGTTGCCTTGTCTGTAGCAGCAGAATTTTGGGAACAGGGTGACCTGGAAAGGACAGTACTGGAACAACAACCCATTCCCATGATGGACAGAAACAAGGCAGCAGAGCTTCCCAAGTTACAATGTGGTTTCATTGACTTTGTCTGTACATTTGTCTACAAGGAGTTCTCTCGCTTCCACCCACAAATCCAGCCCATGCTGGATGGCATCCTAAACAACAGGAGAGAGTGGAATGCTAAAAAGGAAGAATATGAGGCTAAACTCAAATCTATAGAGGATGCGAAGGCTGCTAAAGAGGCTGCTGCAGCCACTGCTGCAAACAACCCCAGTGGTGGTGGGTCCGGCTCCAAGACCTGCTCGTTGTGTTAA
Lucifuga_dentata	pde6c	scaffold115_size213740:181525-191750	+	2526	Truncated	Seems like there was a deletion right before the intron 15. Sequence retrieved on the alignment of holguinensis	22	14:GC--AG	ATGGCAGATAAGGATAGCGTGGAAAAATACCTGGAGAACAACCCGCAGTTCGCCAAAGAATACTTTGATAAGAAGTTGCGCGCGGAAGCTCTGACTGCGGCATTTTCCGCACCTGTCATCATCAAAGATGCCGCCTCCTTTAAGGATGTTAACTCAGTCCAAGAAGCCGCCATCATTTTCGAGCTGATCCAGGAGCTGCAGAAACCTGGAAAAATGGAAGAAGCCCTTCATCGGGTGTTACAGAGAATTTGCCTCATAACGCAGGCAGATAGGGTCAGTTATTATTTATGTAGGTCGAGGAACGGAGTACCTGAGCTCGCCACTTGCCTTTTTGATGTGACTCCAACATCCAAATTCAACGCAAACCTGGTCGACCCGCAGAAAGAAATAGTGTTTCCTACAGATATGGGTGTTGTTGGTTTCACCGCACATTCTAAAAAGCCTCAGAATGTTCCAGATGTGTCAAAGAATCCAAAATTCTGTGACTTTGTGGACAAGCAGACTGGATACAAAACCAAATGCATGCTCACGTATCCTCTTGTGGTTGACAAAGAGTGCATTGGAGTTGTCATGGCACTAAACAAAGTTGGGGCTGATAATTTCTCTGCAGAGGATGAAGCGCTCTTCCACAAGTACATGAACTTTGCTCAAGTCATCACCCTGCAGCACTACACAACCTACATGTACAACGTGGAGTCCAGAAGGAGTCAGGTGCTGCTCTGGTCAGCCAGTAAAGTATTTGAAGAGTTGACAGACATTGAGAGACAGTTCCACAAAGCGCTCTACACTGTGAGGACCTTTCTGCAGTGCAGTCGATACTCAGTTGGCCTGCTGGACATGACCAAAGAGAAGGAATTCTATGATGAATGGCCAGTGAAACTGGGAGACGTGGAACCCTATAAGGGACCAAAAACGCCAGATGGCAGGGAAGTCAATTTTTACAAGATTATTGACTACCTCCTAGAAGACAAAGAAGAAATCAAAGTCATACCTGATCCACCTGCAGATCACTGGGCCCTAGTTAGTGGACTACCCACCTACGTTGCAGAGAATGGATTTATTTGCAACATGATGAACGTGGCTGCAGACGACTATTTCACTTTCCAGAAAGAGGCTGTGGACGAGACGGGTTTTGTCATCAAAAATGTCTTGTCACTGCCCATTGTCAATAAGAAGGAAGAAGTTGTGGGTGTTGCCACTTTCTTCAACAGGAAAGATGGCAAACCATTTGATGAACATGATGAACAGATCACAGAGGCCCTGACACAGTTCCTGGGGTGGTCGGTGCTAAACTGCGACACCTACGACAAACTGAATCGTATGGAATACAGGAAAGACATCGCCCAGGAGATGCTGATGTACCAAACCAAATGCACCACAAACGAGCTGCAGTCCATTCTGAACACCAAAGAGAAGTTTGATGCCGAGCCTGAGGACTGCGACCAGAAAGAGATGTACAAACTGCTGAGAGCGACCTGCCCAAAAGCTGACAACGTCAATGGAGAAAATCTATACCACTTCTCCTTCAGTGATTTCCCTGTGTCAGAGTTCGACCTCATCAAGGCCGGCATTCGCATATTCTTTGAGCTTGGAGTTGTTGAAAAGTTTAAAGTTCCAGCAGAGACTTTGACGAGGTGGATGTACACGGTGAGGAAGGGTTACCGCAGCATCACCTACCACAACTGGAGGCATGGCTTCAATGTAGGCCACACCATGTTCTGCCTGCTGCAGACAGGGAAGCTAAGGAGGTACTATTCCGATCTGGATGCCTTTGCCATGGTGGCTGCTGCTTTCTGCCACGATATCGACCACAGAGGAACCAACAACCTCTACCAGACAAAGAGTGCATCTCCTCTGGCCAGACTTCACAGCACTTCCATCATGGAGAGGCACCATTTGGACTTGAATATTTTCTGCAACATCCAGAAGCGCCAGTTTGAGAATGTGCAGCACTTGTTTGACGTTTGCATCATCGCCACTGATCTGGCACTTTATTTCAAAAAGAGAACCATGTTCCAAAACATCGTAAATGCCACAGAGCCAATGACAGATGAGAAGGATGCCATTTCCTTTGTTTCCAACAACCCCACCAGGAAGGAAATTGTAATGGCCATGATGATGACAGGTTGTGACTTGTCAGCCATCACCAAACCCTGGGAGGTACAGAGCAAGGTGGCTCTGATGGTAGCTGCTGAATTTTGGGAACAAGGAGATTTGGAGAGAACAGTTCTGGATCAGCAACCAATTCCTATGATGGACAGAAATTGTGCTGAACAGCTACCCAAGATGCAGTGCGGTTTCATTGACTTTGTATGCTCATTTGTATACAAGGAGTTTTCCAGGTTTCACAAGGAGATCCAGCCCATGTTTGACGGTCTGAACAACAACAGGGCACACTGGAACGAGCAGGCCGAGGTATACAACGCAAAGATGAAGGCCAATGAGGATGAGAAGAAGAAACTGGAAGATGAGGAGGCCAGAAAAGCTGGAGGTGATGGGAAGTCAAAGACCTGCTGCATCTGCTAA
Lucifuga_dentata	pde6ga	scaffold126_size290680:8927-9408	-	267	Pseudogene	Stop codon a.a 34 (AGG -> TGA)	3		ATGAATCTGAATGTGGCCAAACCTCAAACTGGTAGCAAAGTTCCCACCAGAGTCACTGGCCCTGTATCCCCACACAAGGGCCCACCCAAGTTCAAACAGTGAAACACCCGCCAGTTCAAGAGTAAGCCTCCCAAGAGGGGCATTATTGGCTTTGGCGAGGATATCCCTGGAATGGAAGGTCTTGGCTGTGATATCACTGTGATCTGCCCTTGGGAAGCTTACAGCCATCTAGAGTTGCATGAACTGGCTCAGTATGGTATCATCTGA
Lucifuga_dentata	pde6gb	scaffold273_size194757:94926-95518	-	264	Complete		3		ATGAATCTGGAGGCGCCCAAACCTGAGATCAAATCGGCCACACGTGTCACCAGGGGCCCCGCCACCCCTCGCAAGGGCCCCCCCAAGTTCAAACAGAGACAGACCCGCCAGTTCAAGAGCAAACCTCCCAAGAAAGGAGTCCAGGGGTTTGGTGATGATATCCCTGGAATGGAGGGTTTAGGCACAGACATCACTGTCATTTGCCCTTGGGAAGCCTTCAACCATCTGGAGCTGCACGAGCTGGCCCAGTACGGCATCATCTGA
Lucifuga_dentata	pde6ha	scaffold943_size138232_3654_60221:53498-53800	+	222	Complete		2		ATGGCAGATGTAGCAACTCCTGCTGACAAGAGAGCTCCTCCCAAGTTCAAGCAGAGGACCACTCGCACATTCAAGAGCAAAGCTCCAAAGCCTGGACAGAAGGGATTTGGGGATGACATCCCCGGCATGGAGGGTCTCGGCACAGACATCACTGTGATTTGTCCGTGGGAAGCCTTTGGAGACATGGAGCTCAGTGATCTGGCAAAATATGGAATCGTGTAG
Lucifuga_dentata	pde6hb	scaffold616_size281596:188446-188797	+	261	Complete		2		ATGAACTCCGCCCCCCCTGCAGGAAGCGCTCTGGGCCCCGGTGGATCAACTGGCCCCACTACACCCAAAAAGGGCCCACCCAAGTTCAAGCAGAGGCAGGCCCACACATTCAAGAGCAAGGCCCCCAAACCAGGCCAGAAAGGCTTTGGTGATGACATTCCCGGCATGGAGGGTCTTGGCACAGACATCACAGTGGTGTGCCCGTGGGAGGCCTTTGGCGACATGGAGCTCAGCGACTTGGCCAAATATGGCATCATTTAA
Lucifuga_dentata	rcv1a	scaffold322_size398885:367953-369312	+	612	Complete		3		ATGGGGAACAGGAAAAGCAGCGCTCTGTCTAAAGAAGTCCTGGAAGAACTGAAGTCCAACACCAAGTACTCGGAGGCTGAGCTGTGCAGCTGGTATCAGTCCTTTCTCAAGGAGTGTCCCAGTGGGAAGATCAGCAAGGAACAGTTTGAGGGCATCTACGCCAGCTTCTTCCCCAGTGCAGACCCCACAGCGTACGCACGCCACGTGTTCAGGAGCTTCGACACCAACGCAGATGGAACTTTGGACTTTAAGGAGTACATCGTGGCTCTGCATCTCACCTCCGGTGGCAAGACTCTGGAAAAGTTGGAGTGGGCCTTTGCCCTGTACGATGTGGACGGGAACGGAACCATCAACAAAAATGAAATCTTAGAAATTGTTCGGTCAATATTCAACATGATTCCTGCTGATGACCAGACGAACCTTCCCGAAGATGAAAACACGCCAGAGAAAAGAGCTGAAAAAGTCTGGGAATTCTTTGGAAAGAAGGAAAATGATAAAATCACTGAGGGAGAATTCATTCAGGGCGTGATGGACAACAAGGACATCCTGCGGTTGATACAATACGATGAACCTCAGAAAATTAAGGACAAGCTGAAAGAGAAGAAGCAGTAA
Lucifuga_dentata	rcv2a	scaffold228_size467200:217251-220221	-	582	Complete		3		ATGGGAAATACCACAAGTAGTGCAATCTCAAAGGAGATCCTGGAGGATCTGAAGCTCAGTACCAAGTTCACTGAAACCGAAATCTCCCAGTGGTTTGAAAACTTTCAGAAGCAGTGCCCAAGTGGACGCATAACTGCTGAAGAGTTTGAGCAGATCTACACCCGGTTCTTCCCAGACAGTGATGCCAAGAGCTACGCACGGCATGTGTTTCGCTCCTTTGACACCAATGATGATGGCACTTTGGACTTCAAGGAATACATCATTGCACTACACATGACATCCACTGGGAAGACAACGAGGAAGCTGGAGTGGGCCTTCTCACTGTTTGATGTAGATAAGAATGGATATATCAACAAGACAGAAGTAACGGAGATCTGTCAGGCCATATTTAAGCTGATACCCAAGGAGGAGCAGAGCATGCTACCAGAGGATGAGAACACACCAGAGAAGAGAGCCAACAAGCTGTGGTCTTACTTCGAAAAGAAAGACAATGAGCGATTGGCCGAAGGAGAGTTCATCAAAGGGGTGATTGAAAATGAAAATGCTATGCGTCTTATCCATTATGAACCACTCAAACAATAA
Lucifuga_dentata	rcv2b	scaffold2206_size54167:13939-15466	-	579	Complete		3		ATGGGGAACACCAGGAGCGGCACTGTTTCCAAGGAAATCCTGGAGGAGCTGAAGCTAAACACCAAGTTCACCGAGACCGAGATCGTCCAGTGGTACGAAAACTTCAAGAAGCAATGTCCAATGGGCCGCATCTCTCAGGAGCAGTTCCAGGCCATCTATGCAAAGTTTTTCCCAGACAGCGACACCAACACGTACGCCCAGCACGTCTTCCGCTCCTTCGACATGAATGACGACGGAACGCTCGACTTCAAGGAGTACATCATCGCCCTCCACATGACGTCCACGGGGAAGACCACCAGCAAACTGGAATGGGCCTTCTCGCTGTTTGACGTGGACAAGAACGGATACATCACGAAGTCAGAGGTCAAGGAAATTTGCACGGCAATTTTCAAGCTGATTCCTAAAGATGAAGTGGAATGTCTGCCTGAAGATGAAAACACGGCAGAGAAGAGGGCGGACAAGCTGTGGAAGCTGTTTGAGAAAGGAAACAACGAGGGAATCGCGGAAGGCAAGTTCATCCAGGGAGTGTTGAACAATGACACCGCCCTCCATTTGATTCAGTATGAGCCTTTCAAGTAA
Lucifuga_dentata	gc2	scaffold2168_size108298_1_103406:41618-54506	-	3212	Pseudogene	Frameshift : Deletion of a C pos 1818	22	15:GC--AG	GTCCTCCTTCTGGCCTCCTTGTGCTTGCTGCCCTGCCCAGCACAGGGAGCCTGGTTCCAGGTTGGAGTGGTAGGACCCTGGGGGTGTGACCCTCTCTTTGCTAAGGCTCTTCCCAGCGTGGCAGCCCAGCTCGCCATCAACCGTATCAACAGGGACCCCTCACTCTCCTACGCGGCCACTTTCGACTATGCTGTGCTGCAGGAGCCATGCCAGACATCCAGAGGGCTGGAGTCATTTGTAGGTTTCCATACCAAAGCCTCAGGATACATTGGACCAACCAACCCCGGCTACTGCGATGCTGCTTCAATGCTCAGCAAAGGCTGGAACAAAGCAGTGTTTCCTTGGCGTTGCGTTGGCTATGAGCTGGACGATGTTCGTAGCCACCCGACCTTTGCTCGCTCCATGCCGAAACCGACCTGGGTGCTGCACCGTGTCATGAACTACTTCAGGTGGGCCCACATTGGTATCATCTCCTCTTCAGAGGACATCTGGGTGGAAACGGGCACAAAGGTAGCGGACTCTCTGAGGAGTCACGGCCTGCCGGTCAGATTGGTCAGTATTATGGAGAACACACCACATGGCATCAGGCAAACTCTGGCCAAGGTCCGCAAACTGGGAGACATACGAGTGGTCATCCTCTGCATGCACTCAGCGCTGATCGGTGGTGGAGCTCAGAAGCTCCTCTTGGAGACGGCCTACGACATGAAGATGATTGACGGCTCGCTGGTCTTCATGCCCTATGACGCCCTGCTCTACAGTCTGCCCTACCGCAATGTCACCTACCCGGCTCTGAAGAGCAACAGCAAACTGCTGAGAGCCTACGACGCCGTGCTAACCGTCACCATAGACTCACCCACCGTGTCCTTCTATGAGGCCTACAGAGACGCCATGGAGAGCAGAGAGGTGGCAAGAACGCTAAAGCCCCAACAGGTGTCACCTCTCTTTGGTACTATCTATAGCTCCATCCTGTTCATGGCCCATGCTGTCCGGGCCATTCGGCAGTCTGGGGAGTGGCTTTCTGGGGGAAACTTGGCCCAACACGCACAAAACCTGGACTTCCAGGGCTTCAGCCACCCAATCAGGACCAATGGCTCTGGAGAAGCTTTGCTGGAATATTTAATACTGGATACAGATGGGCTGTCCTCGGAGCTGAATCCAACATACAGGATTGACATGGAGGCTGGCACAGTGTGGTTTCTGGGTCGAGATATCCACTTTCCTCATGGATATGGACCCAGGAAGGACCCCTCCTGCTGGTTTACTCATGGAATCATCTGCTCAGGAGGTGTGGATTTGTACTCGACCATCAGCATGTTCCTTGGGGTGATCATCTCTTGTGGTTTTGGAGTTGCTCTGATTTACTGCATCAGGCGACGCATCAGTCAGGTCCGAATGGTCAGAGGTCCCAACAAGATCCTGCTGACTCTGGATGATGTCACATTCATCAACCCATCGCTTAGCAACAAGAAACTGAGTTTGGATGACAGCAGGACCAGCGGCATGAAGAGCAGTTCAGACTTGCACATGTCCTCGGAAGTTTCCACCGCTTCTGCCCCCACCTACGAGAACTCCAACGTCGTCATTTATGCGGGAGACTGGGCGTGGCTAAAGAGACTTCCTGATGGCACGTTCAGGAACATCAACCCCAAAACCAGTGACATGTTTGAAATGATGAGGGATATGCGTCATGAGAACGTTAATCCTTTCCTGGGTTTCTTCCACGACTGTGGAGTTTTTGCCATCGTGACCGAGTTCTGCTCCAGGGCCAGTTTGGAGGACCTGCTGCTCAACGAAGACGTCAAACTGGACTGGATGTTTAAGTCGTCGTTGCACTGGATCTGATAAAGGGTATGAAATATCTCCACCACAGGGGAGTTTGCCACAGTCGTCTTAAATCCCGTAACTGCGTAGTGGATGGACGCTTTGTCCTGAAGATCACTGACTACGGTTACAACGAGGTCCTGGAAGCACAGAGATGCCCCTATGTTGAGCCGCTGCCTGAGGAGTTGCTGTGGACGGCTCCAGAGATCCTGAGGACCGGACATCCTGGTCTCCACGGAACTCAGCCTGGCGATGTCTACAGCTTTGCCATCATCATACAGGAGGTAGTGGTCAGAGGACCTCCATACTGCATGCTGGATCTTTCTGCCAAAGAGTTAATCGAGAAGATCCGGAAGCCTCCTCCGCTGTGTCGTCTGGCGGTCAGTCCAGACTTCGCTCCGTTAGAGTGCATCCAGCTGATGAAGCAGTGCTGGAACGAACAACCGGACAGGAGGCCCAATTTTGAACAGATCTTTGACCAGTTTAAGAACATCAACAAAGGGAGGAAGACCAACATCATAGATTCCATGCTGAGGATGTTGGAGCAATATTCCTCCAACCTGGAGGAGCTGATCAGAGAGAGGATGGAGGAGTTGGAGATCGAGAAACAGAAGACAGAGAAATTACTGACACAGATGCTGCCTCCGTCTGTTGCAGAGGTATTGAAGGTAGGCGGTACGGTCGTGCCGGAGCACTTCGATAAGGTGTCACTTTATTTTAGCGACATTGTCGGATTTACGACCATCTCAGCCAACAGCGAGCCCATCGAAGTGGTCGACCTGCTCAACGACCTCTACACACTGTTTGATGCCATCATTGGAGACCACGACGTCTACAAGGTAGAGACCATTGGTGATGCGTACATGGTTGCGTCAGGAGTTCCCGTTCCTAATGGCAACCGTCATGCTGCAGAAATAGCCAATATGGCTTTGGACATCCTGAGCGCTGTGGGAACCTTCAAAATGAGACACATGCCAGATGTTCCTGTCAGGATACGAATAGGACTGCACACAGGTCCATGTGTAGCAGGTGTGGTGGGTCTCATCATGCCCCGCTATTGTTTATTTGGGGACACGGTGACCACAGCTTCTCGTATGGAGTCCACCGGGTTGCCCTACAGGATACATGTCCACCAAAGTATGGTGATGGTCCTGCGGGAGCTAAATCTGAGGTACAGGTTTGAGCTAAGAGGCAGGACAGAACTCAAGAGTAAAGCTGTAGAGGAGACCTACTGGCTTGTAGGGAGAGATGGATTCACCAAACCTCTGCCTGTACCTCCAGAAGTCAAATCTGGGAAAACGGCCCACGGGCTGCAGATGGCTGAGATAGCCCAGTACAAGAAACGCAAAGCTGAGAAACAACAGCAACAACTCCCAAAGAAGAAAAACTGA
Lucifuga_dentata	gc3	scaffold1264_size161813_93159_161813:17941-28223	+	3321	Pseudogene	Stop codon : a.a 145 (TGG->TGA)	17		TCATCATCATTACAATCGGCATCATCAGAACCACCTTTGCTGTTATCCCCTGCACAACATTCTAAAAAATGGTGGAGGAATTGGTTTATTCTCCCCTTTCTAATGATGTCCTGTCTGCCCTGTCAAGCCTGGGCGACCACTTTCAAGGTAGCCCTGGTTGGACCCTGGACTTGTGACCTCTTATATTCTAGAGCCCTCCCTGATTTGGCAGCTCGCCTTGCTACTAACCGGATAAATAAGAACCCCCACCTCAACAAAGGGTACTGGTATGATTACACACTGGTTAATGAGGACTGCAAGTCATCAAGTGGTCTTGCTCGTTTTGCTGAGCTGGAAGGTTATGGTGCTGCTTTTCTGGGCCCAGCCAACCCAGGCTACTGTTCCTCAGCGGCTCTTTATGCAAAAGACTGGAATACTGGAATTCTTTCCTGAGGCTGCCTAACACCCAATATGGAAGAAGGAGATATGTATTCTACCTTCTTACGGCCACTGCCACTATCTGCCCATGTACTATTTTCTGTGTTGCACTACTTTCGCTGGGCTCACGTAGCTATAATCTCAGAGGGAACAGACCTGTGGAAAGCCACTGGACAGGAGCTAGCGTCGTCACTAAGGGCCCTTGGACTGCCTGTCAACACGGTCGTCACTATGGAGCACGATAAGGAAGGGTCTCGGAGAGCCCTGACCAAAGTGCGGGAAGCAGACTGGGTCAGAGTGGTCATTATGTGCATGCCTTCTGTTCTGATTGGTGGAGAAGCCCAATACCAGCTTCTGACTACAGCCATGGACATGCGTATGATTGACCGTGGTTATGTATTCATCCCCTATGACACCCTCCTCTACTCACTGCCCTATAAAGATGCAAATTACTATTTACTAAGCAATAACACCAAGCTACGGAAAGCCTATGATGGGGTCCTCACCATTACTATGGACTCTGGAAAGCGCAATTTCTATGAAGCCTTCAAAGATGCTCAGGACAGCTATGAAATACGCAGCAGCACCCTACCAGAGCAGGTTTCTCCATTCTTTGGTACCATCTACAACATGTTGTACTACACAGCTATGGCTGCTGAGCAGGCCCGGTACAATAGAGACCAATGGGTGACTGGCAACATCCTCGGCAACAGTGAGGGTGACTTTGAATTTGAAGGCTTCAATCAGCACCTGCAGGCTGGCAGAAACGGGGAAGGCATGCAGGGACGCTATGTAGTGCTGGACTACAGTGGCATTGGTTCCTCTCTCTACTCTACCCACATTTTGGAAGCTCCCCATACGAATGGCAAAACTGGGGGCTTGAAATACCTTGGTCGGTCAATCCATTTTGCAGGAAGCACTCCCTACACCGAGTCAAGTTGCTGGTTCAGCCCATATTTTACCTGTAGTGGGGCTTTCTTCTCCAAAGGACTCGATACAACCACTCTGTTCTTCCTTTTCCTTTTGTTCGTTGTGTTGGCAGGATGTGGAGTTTACTTCTTTCGTCATCTCAAGTATAGGAGAATTGGTAGGGTTGGGTTCAACTTTGGAGGTGGGAGTGCATCAACAAAGACAGTCCTGACACTGGATGACCTGGTCTTCATCAACACTCAAGTCAGCAAACGGAGGCTAAATGAGGAAAGTGTGATGTTAGATGCAAAGACGCCTCGCCACTCGGTGTCAGGTCGCAGCTATATAGCCACTACACCAGACATCTCCAATGTTGCTGTTTTTGAGGATGACTGGGTTTGGCTGAAGAGATGCCCGAATGGAGTAACAGGTGTCAACAGCAGTACTGAGGATGTCTTTGTCAAGCTCAGGGAAATGAGGCATGAGAACCTCAATGTGTTTCTGGGACTGTTCTTTGACTCTGGGATCTTTGGTGTTGTGACTGAACACTGCATCAGGGGCAGCTTGGAGAACTTGCTCACCAATGAGGAAGTTCGTCTTGATTGGATGTTTAAATCTTCGCTGTTAATGGATTTGATTCGGGGGATGAAGTATCTGCACCATCATGGTGTCATCCATGGAAGACTCAAATCTCGTAATTGTGTGGTCGATGGCCGCTTTGTGCTGAAGGTGACGGATTATGGGTTCAATGAAATTTTGATTGCCCAAAGCATTGATATACATGAAGAAAATCCTGAGGAGTTGCTTTGGACGGCTCCCGAGTTACTGAGAAATCCTAGTATGAGGAAGAGAGGAACTTTCAAAGGCGACGTCTACAGCTTCTCCATCATCATACAGGAGGTCATTTCTCGTTCTGCTCCTTTTTGCATGCTGGATATGCCTCCCAAAGAAATTATTGGCAAGATCAAGGAGCCTCCTCCTCTGTGTCGGCCTGTTGTGTCAGTAGAAGAGGCCCCACTGGATGTGATGCAGGTTATGAAACAGGCCTGGAGTGAAGAACCAGAGAAGAGGCCGACCTTTGAGGAGATCCTCAAACAGTTCAAGAACATCACCAAAGGGAAGAAGACCAACATTATCGACTCCATGTTGCGCATGTTGGAGCAGTATTCCTCTAACTTGGAGGACCTGATCAGAGAGAGGACGGAGGAGCTTGAGGTGGAGAGACAGAAAACTGACAATCTGGTGGCTCAGATGTTGCCAAGGTCTGTAGCACAAGCCCTGAAGTTAGGCAAGCCAGTCGAACCTGAATATTTCAATGAAGTCACCCTGTACTTCAGCGACATTGTGGGCTTCACCACCATCTCAGCTCTTAGTGAACCCATCGAGGTGGTCAACTTACTCAATGACCTCTATTCGCTCTTTGACGCCATCATTGGGCAGCATGATGTGTACAAGGTGGAAACTATTGGTGATGCCTACATGGTTGCTTCAGGAGTCCCCAACCGAAATGGGAACCGCCATGCAGCTGAAATGGCTAACATGTCTCTTGACATCCTGCACTGCATCGGGACCTTCAAGATGAGGCACATGCCTGAATTGAAATGCAAAATCCGCATTGGCCTGCATTCCAGCCCAGTTGTAGCAGGAGTTGTGGGTCTTATGATGCCTCGCTACTGTCTGTTTGGAGACACTGTCAATACAGCGTCTCGAATGGAGTCCACGAGCTTGGCTTACAGAATCCATGTCAACAAAACCACAGTTGATGTCCTGAACAACTTGAAGCTGGGCTACAAAATTGAACTTAGAGGCATGACAGAGCTAAAGGGAAAAGGGATTGAGAAGACATATTGGTTGGTAGGACGGGAAGACTTCAAGAAGCCCCTGCCTGTACCGCCAGACCTTATTCCAGGGTCAAGTAATCATGGTATCAGTTTAGAGGAGATACCTGTTGACAGAAGACAAAAATTCCTGGATCGGCAGAAGAAGATGGGCTAG
Lucifuga_dentata	gucy2f	scaffold2499_size125873:106159-121337	-	3315	Complete		18	8:GC--AG	ATGCAACATACTCCCCCAAATTTAAGAGGGGCGCTATGGGAGTCCAGCCATCCATGTATGCCCATAATTAAAAGTAGACACACTTTTGCCACCCTGCCCTTTCATAACTTTTTACTATGGGTCCTCCTGGGAGTGTTGACGTTCCCGTGTTGTGTCCGGTGTCTTATATTCAAAGTGGGGGTCCTTGGGCCCTGGAACTGCGACCCTGTTTATTACAGAGCCCTACCCGCTGCAGCAGCCAGACTTGCCGTCAGTAGGATAAACGGAGACCCCAATCTGGATCTGGGCCTGGATATGGACTTCACCATCCTCCAGGAGCCATGCGAGACCTCCAAAGCGCTCACTACATTCATTTACTATGAGAAGATGGCGGATGCTTTTTTGGGCCCCACCAACCCAGGATACTGTAACGCAGCTTCACTGCTGACCACCAACTGGGATAAGTCCATCTTCTCCTACAGCTGCATCAACTATGAACTGGACAGCATCAGATACCCAACTTTTGCCAGGACAGTGCCGTCTCCCACTCGAGTGTTGTTCACTGTGTTGAAACACTTCAAGTGGGCCAATATTGTCGTAGTCTCGTCCAACGATGACATCTGGATCAATACCGCTAGTAAATTATCTTATTCTCTGAGGAATAAAGGGCTTTCCGTTGGCTTGGTTACATCTATTGGTATAAATGAGACTGAGGTGGAGAGAACGCTGAGGAGGATTCAAGCTGCAGGACAGATAAGGGTCATCATCATGTGTATGCACTCAGTCCTGATTGGAGGAGAGCAGCAGGCTACGTTTCTTCTCAAAGCTCAAGAAATGGGCCTGACGCAGGGCCAGTACGCATTTATTCCCTATGACACTCTCCTGTACAGCGTGCCATTTACCAACGTCTCCTACGTCCCCCTGCAAAACAGTAGCAGGCTGAGGCAGGCCTATGATGCTGTGCTTACTGTCACTGTGGCCTCAGAGCCTTTGTCCTTCAACAAGGCATTCACCATGGCAAAGGCGACTGGGGAGCTGACAATAGCTGTGCAGCCAGAGCAGGTTAATCCACTCTTTGGTACCATCTATAACAGTTTATACCTGCTGGCCAAATCCATTGACAATGCCAGGAGAGCTAGAATGTGGCTGTCAGCTTCAAATCTGGCCTACTTTACAAGGAACACTACCTTTGATGGCTTCAATCAGAAAGTCAGAGTGGATTTTGGTGGGGATGTCCTGACCAACTTCATCATCTTGGACTCAGACAACAGGGGGAGTCAGCTTTACCAAAGCTATCTGGTGGATCTTGCATCTGAAACACTTCATTTTGCTGGGAGGTCTATTCATTTTCCAGGGGGATCCCCTCCACCTTCTGACTCCAGCTGCTGGTTTGACCAGAATGCCATCTGCACTGGAGGTGTGGAGATCACCCATATCATAGTGGTGTTTGCTGTCATCTTCATTCTGACTGTAGGAGGGCTTGCTGTAGGTCTTTACATAAGGAGGAGACTCCAGCAAATCCAGCTGGTCAAGGGTCCCAATCGGATCCTGCTGACATTAGAGGATCTCACATTTATCAATCCTGAGCTTAGCAAAAAGAAAATCACTTTAGAGGACCTGAGTGACTCTAAGAGTGCTCTCGAGGAGAAATCTGCAGATCGCTCACACTCTGTCAACAGCACACACACAGTCACTCACGAGACTACCAATGTAGCTGTGTATGAGGGTGACTGGGTGTGGCTGAAGAAGTTTCAGGAGGGTCAGTTTAAGGAAGTGAAGCAGAGCACCACAAAGGTTTTCACCAAGATGAAGGACCTGAGAAACGAGAATGTGAACCCGTTTCTGGGTTTCTTTGCGGACTGCTCCATGTTTGCAGTGGTGACGGAGCATTGCTCACGGGGCAGCTTGCAGGACCTGCTGAGGAACGAGGACGTCAAATTAGACTGGATGTTCAAGTCCTCTCTTCTGCTTGACCTCATCAAGGGTATGAAATACCTCCACCACAAGGAATTCCCCCATGGCAGACTTAATTCTCGTAACTGTGTGGTTGATGGCCGTTTTGTCTTGAAGATTACTGACTATGGCTTTAATGAGCTGCTGGAGTCTCAGAAAGCTCCTGTAGAAAAACACCCACCTGAAGATTTATTTTGGACACCCCCAGAGTTGCTAAGAGACCGATCAAACCTACGTAAAGGGACCCAGAAGGGAGACGTGTACAGCTTTTCTATCATACTACAGGAGGTCGTGGTTAGAGGGCAACCATACTGCATGCTGGGACTACCACCCGAGGAGATCATCCGGAAGGTGAAGAAGCCTCCTCCTATGTGTCGTCCCACTGTGGCCCCTGACCAGGCCCCTCTGGAGTGTATTCAGCTGATGAAGCAGTGCTGGAGCGAACTGCCCGAACGCAGACCAACATTTGATGAGATCTTCGACAGGTTCAAGTTAATCAATAAAGGCAAGAAGACAAATATCATTGACTCCATGCTGAGGATGCTGGAGCAGTACAGCTCCAACCTGGAGGACCTGATCAGAGAGAGAACAGAGGAGCTGGAGGTGGAAAAACAGAGAACAGAAAAGCTGCTGTCAGAGATGCTCCCACCCTCTGTGGCCGAGGCTCTGAAAACAGGAGCCACAGTGGAGCCTGAGTACTTTGACCAGGTGACCATCTACTTCAGTGACATAGTGGGCTTCACCACCATCTCCTCACTCAGTGATCCCATCGAGGTGGTTGACCTTCTCAATGACCTCTACAGTCTGTTTGACGCTGTGCTCAGCAACCATGATGTCTACAAGGTGGAGACCATTGGAGATGCTTACATGGTAGCATCAGGTCTGCCAAAGAGAAACGGCAACAAACATGCTGCTGAGATCGCCAACATGTCTCTGAACATCCTCAGCTCAGTGGGAACCTTCCAGATGCGGCACATGCCAAACGTGCCCGTCAGGATACGCATAGGAATCCACTCAGGGCCCTGTGTTGCTGGGGTGGTGGGTCTGACTATGCCTCGGTACTGCCTTTTTGGAGACACCGTCAACACTGCCTCTCGTATGGAATCCACAGGGCTGCCTTATAGAATCCATGTGAACATGAGCACTGTGGCGATCCTCCGTTCCCTCACTGAGGGTTATAAAATAGAAGTCAGGGGCAAGACAGAGCTGAAGGGTAAAGGTATTGAAGAGACATACTGGCTCACTGGGAAAACAAACTTTGCAAAGCCTTTGCCAAAACCACCAGAAATCAAACCAGGGGACAACTGGCAGGAGATGGTGACAGAGGAGATTAAGACCCATTTTCGAAAGGCCAACAGGCAGGTGGACAAGCAAAAGATCTGA
Lucifuga_dentata	gnat1	scaffold106_size443268:288012-291413	-	1053	Complete		8		ATGGGAGCTGGAGCGAGTGCCGAGGAGAAACGATCCAGAGAGCTGGAGAAGAAGCTGAAAGAAGATGCCGACAAGGATGCAAGAACTGTCAAGCTGCTGCTGCTAGGTGCTGGAGAATCAGGAAAAAGCACTATCGTCAAACAGATGAAAATTATCCACAAAGATGGTTACTCACTTGAAGAGTGCTTGGAGTTCATTACAATTATCTACAGCAACACCCTGCAGTCTATCATGGCCATTGTAAAGGCCATGAACACACTCAATATAAACTATGGCCACTCTGATCAGCAGGACGATGCCAGGAAACTCATGCATCTTGCAGACACCATTGAGGAAGGCACCATGCCTAAAGAAATTTCAGACATCATTCTGCGCCTGTGGAAGGACATTGGCATACAGGCGTGCTTCAACAGGGCCTCAGAATACCAACTCAACGACTCCGCCGGATACTACCTGAATGACTTGGAGAGGTTGATCCAGCCAGGCTACGTGCCCACTGAGCAGGATGTGCTGCGATCAAGAGTGAAGACCACCAGCATCATCGAGACCCAGTTTTCCTTCAAAGACCTCAACTTCAGAATGTTTGATGTGGGAGGTCAGAGGTCAGAGAGGAAGAAGTGGATTCATTGTTTTGAAGGTGTGACCTGTATCATCTTCATTGCTGCTCTGAGTGCCTATGACATGGTGCTTGTGGAGGATGATGAAGTGAATCGAATGCATGAGAGTCTGCACTTATTCAACAGTATCTGTAACCACTGCTACTTTGCCACCACCTCCATCGTACTTTTCCTCAACAAGAAAGATGTATTCCTTGAGAAGATCAAGAAAGCTCATCTCAGCATGTGCTTCCCTGACTATGATGGTCCTAATACTTATGAGGATGCTGGTAATTACATCAAAATCCAGTTCTTGGACCTCAACCTGCGTCGAGATATCAAAGAAATCTACTCTCACATGACCTGTGCCACTGACACAGAGAATGTCAAGTTTGTGTTTGATGCCGTAACTGACATCATCATCAAAGAAAACCTGAAAGACTGTGGTCTCTTCTAA
Lucifuga_dentata	gnat2	scaffold89_size507597_284095_507597:170691-177846	-	1053	Complete		8		ATGGGTGCAGGAGCAAGCGCCGAAGACAAAAAGTCCAAGGAGTTGGAAAAACAACTCCAAGAAGATGCTGATAAGGATTCAAAAACAGTCAAGCTATTGCTGCTTGGTGCTGGTGAATCAGGGAAGAGCACCATCGTCAAACAAATGAAGATTCTGCATCAAGGTGGTTATACGAAAGAGGAACAAATGGAGTTTAAATCAATCATCTATGGCAATGTCCTGCAGTCTGTTCTGGCTATCATCAGAGGCATGGAGATGCTGGGCATTAGTTTTGGCGGTTCCTCTGCACAGGAGGATGCACAGAAGCTGCAGAACTTGTCAGACTCCATTGAGGAAGGCACAATGCCTGCTGAGCTGGCCGATGTCATCAAGAAGCTGTGGAAAGACTCTGGCATGCAGGCCGGCTTCGAGAGAGCTGCTGAGTACCAACTCAACGACTCCACTGGATACTACCTCAGTGAAATGGACAGAATCTGCAAGCCGGATTACCTCCCCACTGAGCAGGATGTGCTGCGATCTCGAGTCAAAACAACTGGTATCATTGAAGAACAGTTCTCCTGCAAAGAGTTGCACTTCAGGATGTTCGATGTGGGCGGACAGAGATCAGAAAGAAAGAAGTGGATCCATTGTTTCGAGGGTGTGACCTGCATCATCTTCTGCGGAGCTCTCAGTGCATATGACATGGTGCTGGTAGAGGATGACGAAGTGAACCGCATGCACGAGTCCCTCCATCTATTCAACAGCATCTGCAACCACAGATTCTTTGCACTGACCTCCATCGTGCTTTTCCTCAACAAGAAGGATCTCTTTGAAGAGAAGATCAAGAAGGTCCATCTGAGTATCTGCTTCCCGGACTACAATGGCCCCAACACGTATGATGATGCCAGCAACTACATCAAGACACAGTTTCTGGACCTGAACATGAAGAAGGGTTCGAAAGAAATCTACTCTCACCTGACCTGTGCCACCGACACAAAGAACGTCGAGATTGTGTTCAACGCTATGACAGACATCATCATCAAAGAAAACCTAAAAGACTGCGGTCTTTTCTAA
Lucifuga_dentata	gnb1a	scaffold1497_size94113_53796_94113:7386-22674	+	1023	Complete		9		ATGAGTGAACTGGACCAGCTACGCCATGAGGCCGAGCAACTCAAGAACCAGATCAGAGACGCCAGGAAAGCGTGTGCGGATGCTACCCTGTCTCAGATCACAGCTAACATCGACCCCGTTGGCCGAATTCAGATGCGCACTAGAAGGACGCTGAGGGGTCATCTGGCTAAAATCTACGCCATGCACTGGGGCACCGACTCGAGGCTGTTGGTCAGCGCCTCCCAGGACGGCAAACTCATTATTTGGGACAGTTACACCACAAACAAGGTCCACGCCATCCCATTGCGCTCCTCCTGGGTGATGACATGTGCTTACGCCCCTTCTGGGAACTATGTTGCCTGTGGAGGCCTGGACAACATCTGCTCCATCTACAACCTGAAGACCCGCGAGGGCAATGTGCGCGTCAGCCGCGAGCTGGCCGGACATACAGGTTACCTGTCCTGCTGTCGCTTCCTGGATGACAACCAGATCGTCACCAGCTCTGGAGACACCACCTGCGCTCTGTGGGACATCGAAACCGGTCAGCAGACAACTACGTTCGCCGGTCATACCGGCGACGTCATGAGTCTCTCTCTGGCACCGGACACCAGGCTGTTTGTGTCTGGAGCCTGCGATGCCTCAGCCAAGCTGTGGGACATCAGAGAAGGAATGTGCCGACAGACCTTCACCGGCCACGAGTCAGACATCAACGCCATCTGTTTCTTCCCTAATGGCAACGCCTTCGCCACGGGCTCAGATGACGCCACCTGCAGGCTGTTTGACCTGCGCGCCGACCAGGAGCTGATGGTTTACTCACACGACAGCATCATCTGTGGCATCACCTCCGTGGCGTTCTCCAAGAGTGGCCGTCTACTGCTGGCCGGCTACGACGACTTCAACTGCAACGTGTGGGACACCCTGAAGGCTGACCGTGCAGGCGTCCTGGCTGGCCACGATAACCGGGTGAGCTGCTTGGGTGTGACTGATGACGGCATGGCGGTGGCGACGGGGTCCTGGGACAGTTTCCTCAAGATCTGGAACTAG
Lucifuga_dentata	gnb1b	scaffold106_size443268:180588-184711	+	1023	Complete		9		ATGAGTGAACTGGACCAGTTACGCCAAGAGGCAGAGCAGCTCAAAAATCAAATCAGAGATGCCAGGAAAGCATGTGCAGATGCCACGCTATCACAGATCACGGCTAATATCGACCCTGTTGGCCGAATCCAGATGCGTACAAGACGGACGCTGAGGGGTCATTTGGCCAAAATTTATGCCATGCACTGGGGAACAGATTCCAGGCTGTTGGTCAGCGCCTCTCAAGATGGGAAACTTATTATTTGGGACAGCTATACCACAAACAAGGTCCATGCCATTCCACTTCGTTCTTCCTGGGTCATGACTTGTGCATATGCACCTTCAGGAAATTATGTGGCCTGTGGCGGCTTAGACAACATCTGCTCCATTTACAACCTGAAAACACGTGAGGGGAACGTACGTGTGAGCCGTGAGCTTGCTGGACATACAGGATACCTGTCCTGCTGTCGTTTTCTTGATGACAACCAGATTGTTACAAGCTCGGGAGATACCACTTGTGCACTTTGGGACATTGAGACTGGCCAGCAGACAACCACATTTGCTGGACACACGGGCGATGTCATGAGCCTGTCATTAGCTCCTGATTCACGGTTATTCGTCTCTGGTGCTTGTGATGCTTCTGCTAAACTCTGGGATGTCAGAGAGGGAATGTGCAGACAGACATTCACTGGCCACGAGTCCGACATCAATGCCATCTGTTTCTTCCCTAATGGCAACGCCTTTGCCACGGGCTCTGATGATGCCACCTGCAGGCTGTTTGATCTGCGTGCTGATCAGGAATTAATGATCTACTCTCACGATAACATCATATGTGGCATCACCTCTGTTGCATTCTCAAAGAGCGGCCGTCTCCTTCTGGCTGGATATGATGATTTCAACTGTAACGTGTGGGACACACTAAAAGCTGACCGTGCTGGTGTGTTGGCTGGACATGACAACCGCGTCAGCTGCCTGGGAGTTACTGATGATGGCATGGCAGTGGCAACAGGATCGTGGGACAGTTTTCTGAAGATCTGGAATTGA
Lucifuga_dentata	gnb3a	scaffold15_size702053:317394-319668	+	1023	Complete		8		ATGGGTGAAATGGAGCAATTGCGAAAGGAGGCAGACAGCCTCAAAGACCAGATCACTGCAGCCCGTAAAGCGGTGCAGGACACGACAATGCAGGAGGCAGCAGCTGGGATCACTGTGGTGGGGCGTATCCAGATGAAGACCAGGAAGACACTAAGGGGTCACCTAGCCAAGATCTATGCGATGCACTGGTCTACTGACTCCAAGCTGTGTGTCAGTGCCTCGCAAGATGGAAAACTCATAGTGTGGGACAGCATTACCACCAACAAGGTAAATGCCATCCCTCTCAAGTCATCGTGGGTGATGACTTGTTCCTATGCACCTTCTGGGAACCTGGTAGCTTGTGGCGGTCTGGACAACATGTGCTCCATCTACAACCTCAAGGGGAAGGATGGAAATGTGAAGGTCATGCGAGAGCTGGCTGCACATACAGGTTACCTATCCTGCTGTCGTTTCCTTAGTGACACTGAGATCATCACTAGCTCTGGTGACTGTACTTGTGCACTATGGGACATTGAGACAGGGACCCAAAAGATCATCTTTGCAGGACATCAGGGAGACTGCATGTCCCTGGCTGTGTCTCCAGACTTCAAGACGTTCATCTCAGGGGCATGTGACTTCACAGCCAAGCTGTGGGACATTAGAGAGGGCACCTGCAGACAGACCTTTGGAGGCCATGAGAGCGACATTAATGCAATCGGGTTCTTCCCAAATGGTAATGCAGTGATAACAGGGTCAGATGACGCCACCTGTAAACTTTACGACCTGCGAGCAGACCAGGAGCTCATCACCTACCAGGACTCCAGCATCATGTGTGGGGTGACCTCCCTGGCCCCTTCCCTGTCTGGACGTCTGATACTGGCTGGATATGATGATTTCAACGTCAACATCTGGGACTCACTTAAGGCTGAGAGAGTGGGAGCTCTTGCTGGCCATGACAACAGAGTGAGCTGTATCGGAGTATCTGCAGATGGAATGGCGTGTTGCACAGGATCCTGGGACAGCTTCCTCAAGATATGGAACTGA
Lucifuga_dentata	gnb3b	scaffold3251_size43971:16500-18624	-	789	Pseudogene	Stop codon a.a 214 (CGA->TGA)	7		AGGCAAATGGTCAGCGCATCACAGGATGGAAAGCTGCTGGTGTGGGACACGTCCTCAGGAAACAAGCTGGTTGCAGTCCCGTTAAAATCCGCCTGGGTGATGAGCGTCGCCTTCGCCCCCGGCGGTCTGGATAATATGTGTACGGTCTACAACATCAAGGCCGCCAGCCCCAAGACCCTCAGGGAGCTGGACGCCCACACAGGTTACCTGTCTTGCTGCCGTTTCCTTAGCGACACTGAGATCATCACAGCCTCTGGAGACACCACCTGCTGCCTGTGGGACCTGGAGACCGGAAAGCAGAAGGCCATCTTCACCAACCACACTGGAGACTGCATGTCTCTGGCTCTGTCCTCCGACATGAACACCTTCATCTCTGGAGCCTGCGACTCGCTGGCGAAGCTGTGGGACATACGAGAAGGAGCCTACAAGCAGACCTTCTCTGGACACACCAGCGACATCAACGCCATCGCTTTCTTCCCCAGCGGAAACGCCATCATCACGGGATCTGACAACTGCGCCTGTAAGATGTACGACCTGCGTGCGGACCAGGAGGTGATTGGCTACCAGGACTCCAGCCTGAACGCCAGCGTCACGTCATTGGCTCTCTCCATGTCAGGCTGACTCATCTTTGCTGGATACGACGACTTCATCTGCCACATCCGGGATTCTCTGAAGGGAGACAGTGTTCTCTCCGGTCATGATAACAGGGTGAGCTGCACCGGCGTTCCTGAAGATGGAATGGGCGTCTGCACAGGATCCTGGGATAGCTTCCTGAAGCTGTGGAACTGA
Lucifuga_dentata	gngt1	scaffold1451_size188197_1_36802:9406-9799	-	222	Complete		2		ATGCCGGTCATAAATGTAGACGACCTGACGGATAAAGAGAAGGCTCTGATGGAAGTAAACCAGCTTAAAATTGAAGTCAAACTTGAAAGGTGGTTGACATCCAAATGCTGTGAGGAGATCAAGGAGTACATTCAGGCTGGAGTAGAGGAAGACACCCTGGTCAAAGGTATTTCAGAAGAGAAGAACCCCTTCAAGGAGAAAGGTGGCTGTGTCAGCTGCTAG
Lucifuga_dentata	gngt2b	scaffold130_size595948_356841_574153:195117-195557	-	213	Complete		2		ATGGCTCGGGATATGTCAGATAAGGAAATCTTGAAAATGGAGTTGGAGCAGCTGAAGAAGGAAGTGAACACACCTCGGACACCAGTGAGCACAAACTGTGCAGAAACGGTCACTTTTGTGGAGGCGTTGGCACCCAATGATCCTCTGATTAAGGGCGTTTCAGATGACAAGAACCCCTACAAGGGAGACAAGGGAGGCTGCATCTTAACATAG
